record_id,date,vendor_id,amount,currency,region,invoice_ref,payment_status,delivery_date,created_by
REC00000,2023-03-07,VND038,6223.89,EUR,West,INV-90728,overdue,2023-03-22,user_19
REC00001,2024-07-18,VND021,18042.03,EUR,North,INV-40511,paid,2024-08-06,user_12
REC00002,2024-04-22,VND035,4601.05,XYZ,North,INV-73408,overdue,2024-04-28,user_15
REC00003,2023-11-17,VND045,1748.39,EUR,Central,INV-73339,pending,2023-12-11,user_18
REC00004,2023-11-13,VND031,4933.29,INR,North,INV-37847,paid,2023-11-30,user_19
REC00005,2024-09-18,VND034,50.0,GBP,West,INV-28392,pending,2024-10-04,user_14
REC00006,2023-03-04,VND013,5294.0,INR,Central,INV-72249,paid,2023-03-27,user_16
REC00007,2024-05-24,VND012,50.0,USD,West,INV-18422,overdue,2024-06-12,user_10
REC00008,2023-05-28,VND021,-500.0,EUR,East,INV-54533,overdue,2023-05-31,user_15
REC00009,2023-03-10,VND043,5870.25,USD,East,INV-89921,overdue,2023-03-19,user_7
REC00010,2024-01-20,VND027,6101.52,INR,West,INV-74018,pending,2024-01-26,user_15
REC00011,2024-12-13,VND018,521.32,GBP,East,INV-78778,pending,2025-01-04,user_2
REC00012,2024-06-21,VND039,1024.38,INR,East,INV-17493,paid,2024-06-23,user_19
REC00013,2024-07-09,VND043,23290.75,INR,North,INV-27981,overdue,2024-07-15,user_5
REC00014,2024-06-07,VND046,1442.24,GBP,West,INV-34758,paid,2024-06-25,user_14
REC00015,2024-07-27,VND015,86196.12,EUR,West,INV-36307,paid,2024-08-17,user_1
REC00016,2024-01-10,VND036,2972.39,INR,West,INV-27467,paid,2024-01-25,user_4
REC00017,2023-04-04,VND030,5497.53,GBP,North,INV-97485,pending,2023-04-29,user_20
REC00018,2024-09-05,VND023,33701.97,GBP,West,INV-24845,paid,2024-10-02,user_17
REC00019,2023-11-25,VND020,3628.38,INR,West,INV-73735,paid,2023-11-29,user_5
REC00020,2024-01-01,VND006,662.81,USD,North,INV-62807,pending,2024-01-29,user_3
REC00021,2023-09-28,VND014,2528.57,USD,Central,INV-64946,overdue,2023-10-16,user_17
REC00022,2023-05-14,VND028,2825.9,INR,East,INV-29318,pending,2023-06-02,user_20
REC00023,2024-11-07,VND045,384.86,INR,East,INV-37686,overdue,2024-11-10,user_4
REC00024,2024-07-24,VND044,2030.94,INR,West,INV-64584,overdue,2024-08-12,user_14
REC00025,2024-04-15,VND010,979.18,INR,East,INV-36920,overdue,2024-05-07,user_6
REC00026,2023-10-21,VND034,11926.72,CAD,East,INV-72469,pending,2023-11-07,user_15
REC00027,2024-08-23,VND005,3139.81,USD,South,INV-13557,overdue,2024-08-26,user_9
REC00028,2024-02-03,VND034,1950.43,INR,Central,INV-16553,overdue,2024-02-19,user_3
REC00029,2023-11-20,VND018,2542.05,USD,Central,INV-75562,overdue,2023-12-18,user_7
REC00030,2023-11-25,VND023,4165.88,INR,North,INV-65507,pending,2023-12-16,user_11
REC00031,2023-06-15,VND036,7519.25,GBP,West,INV-13885,paid,2023-06-19,user_16
REC00032,2023-03-09,VND022,665.43,INR,North,INV-90912,pending,2023-04-06,user_1
REC00033,2024-02-09,VND041,624.92,GBP,South,INV-10437,overdue,2024-03-08,user_20
REC00034,2024-10-10,VND027,15631.12,EUR,Central,INV-95998,overdue,2024-10-15,user_13
REC00035,2023-02-16,VND050,1605.99,GBP,North,INV-75653,pending,2023-03-12,user_18
REC00036,2024-09-18,VND032,355.93,EUR,South,INV-98931,paid,2024-09-30,user_19
REC00037,2024-08-27,VND015,5800.61,USD,South,INV-95397,pending,2024-09-14,user_4
REC00038,2023-07-22,VND039,5973.3,EUR,West,INV-38181,overdue,2023-08-04,user_2
REC00000,2024-04-06,VND021,300.04,USD,East,INV-78084,pending,2024-04-29,user_16
REC00040,2023-05-01,VND027,4205.81,INR,East,INV-28981,pending,2023-05-30,user_4
REC00041,2024-07-07,VND007,8985.56,USD,Central,INV-52447,pending,2024-07-31,user_3
REC00042,2024-05-26,VND006,5226.93,USD,East,INV-31609,paid,2024-06-23,user_10
REC00043,2023-09-16,VND029,7692.28,INR,West,INV-53743,paid,2023-10-14,user_19
REC00044,2023-02-19,VND010,362.71,INR,North,INV-88509,overdue,2023-02-07,user_16
REC00045,2024-12-09,VND050,4897.89,GBP,South,INV-49251,paid,2024-12-17,user_11
REC00046,2023-11-22,VND043,1893.29,EUR,Central,INV-18315,overdue,2023-12-13,user_4
REC00047,2024-10-13,VND036,1444.93,USD,Central,INV-39217,paid,2024-10-31,user_7
REC00048,2024/05/02,VND037,11002.01,GBP,West,INV-80786,pending,2024-05-11,user_14
REC00049,2024-07-22,VND030,27416.81,INR,South,INV-56953,pending,2024-07-25,user_4
REC00050,2024-07-08,VND004,43982.85,USD,North,INV-60416,overdue,2024-07-24,user_11
REC00051,2023-05-23,VND020,21422.82,GBP,Central,INV-48803,overdue,2023-06-10,user_1
REC00052,2023-09-23,VND025,2528.54,EUR,West,INV-36349,pending,2023-09-28,user_7
REC00053,2023-12-07,VND046,5059.79,USD,South,INV-63834,pending,2023-12-12,user_5
REC00054,2023-12-30,VND011,9416.65,USD,East,INV-66977,overdue,2024-01-03,user_14
REC00055,2023-02-01,VND025,3575.17,INR,West,INV-90829,pending,2023-02-18,user_19
REC00056,2024-02-03,VND018,3626.95,INR,East,INV-65599,paid,2024-02-04,user_3
REC00057,2023-04-23,VND007,10256.12,INR,Central,INV-99549,pending,2023-05-10,user_16
REC00058,2024-06-26,VND006,2727.32,GBP,North,INV-84391,paid,2024-07-10,user_14
REC00059,2024-05-13,VND019,998.32,EUR,South,INV-17086,pending,2024-05-27,user_20
REC00060,2024-11-04,VND005,1600.85,USD,North,INV-45295,pending,2024-11-24,user_19
REC00061,2024-06-27,VND004,7714.57,GBP,West,INV-44621,paid,2024-07-13,user_3
REC00062,2023-09-25,VND018,2994.37,INR,West,INV-10271,paid,2023-10-17,user_15
REC00063,2024-12-07,VND011,4965.73,INR,Central,INV-26263,overdue,2024-12-30,user_12
REC00064,2023-10-27,VND028,8144.67,USD,East,INV-78596,pending,2023-11-23,user_3
REC00065,2023-08-26,VND001,1698.9,GBP,North,INV-41690,paid,2023-09-19,user_6
REC00066,2024-10-23,VND016,9268.46,EUR,East,INV-23308,overdue,2024-11-08,user_19
REC00067,2023-09-28,VND023,5261.99,GBP,North,INV-35872,overdue,2023-10-13,user_11
REC00068,2023-02-25,VND049,467.68,INR,West,INV-34723,overdue,2023-03-04,user_7
REC00069,2023-12-09,VND032,25937.81,GBP,West,INV-25708,overdue,2023-12-27,user_7
REC00070,2024-08-03,VND045,1406.53,INR,Central,INV-19107,overdue,2024-08-08,user_17
REC00071,2023-05-19,VND018,248.98,INR,South,INV-78766,pending,2023-06-16,user_6
REC00072,2023-12-04,VND023,621.69,EUR,South,INV-84206,paid,2023-12-29,user_4
REC00073,2023-04-05,VND022,644.47,INR,North,INV-54665,overdue,2023-04-09,user_12
REC00074,2024-05-16,VND045,3223.62,GBP,East,INV-65391,paid,2024-06-08,user_20
REC00075,2023-12-14,VND048,1976.78,GBP,East,INV-92731,paid,2023-12-18,user_4
REC00076,2023-08-30,VND049,1798.58,EUR,West,INV-85838,overdue,2023-09-20,user_6
REC00077,2023-06-15,VND038,7551.89,USD,West,INV-12933,overdue,2023-06-18,user_10
REC00078,2024-02-17,VND026,4963.24,INR,North,INV-95765,pending,2024-03-03,user_4
REC00079,2024-05-03,VND028,4788.98,EUR,South,INV-16027,overdue,2024-05-23,user_14
REC00080,2024-11-17,VND050,5512.33,EUR,East,INV-12391,overdue,2024-12-09,user_6
REC00081,2023-11-16,VND015,7511.59,GBP,South,INV-46294,overdue,2023-11-29,user_3
REC00082,2023-04-28,VND018,126.23,EUR,North,INV-77126,paid,2023-05-25,user_6
REC00083,2024-08-30,VND045,1725.62,INR,Central,INV-17224,pending,2024-09-22,user_19
REC00084,2024-04-04,VND020,113.26,INR,West,INV-36368,paid,2024-04-11,user_19
REC00085,2024-05-26,VND012,3146.64,GBP,East,INV-33645,overdue,2024-06-15,user_11
REC00086,2023-03-12,VND029,2960.31,INR,South,INV-45763,paid,2023-04-03,user_9
REC00087,2023-08-17,VND017,14304.06,GBP,Central,INV-98741,overdue,2023-08-27,user_17
REC00088,2024/12/02,VND045,17702.33,INR,North,INV-39826,paid,2024-08-05,user_4
REC00089,2024-08-30,VND046,4040.66,EUR,East,INV-28806,pending,2024-09-26,user_14
REC00090,2023-11-14,VND016,1407.34,GBP,Central,INV-21008,paid,2023-12-08,user_14
REC00091,2024-08-10,VND027,6171.77,USD,Central,INV-27830,overdue,2024-09-02,user_15
REC00092,2024-09-06,VND050,1350.36,XYZ,South,INV-21982,pending,2024-09-25,user_5
REC00093,2023-10-10,VND038,2974.74,GBP,West,INV-61627,overdue,2023-10-18,user_15
REC00094,2024-10-17,VND011,13084.77,INR,North,INV-47845,paid,2024-11-10,user_13
REC00095,2023-07-30,VND030,1291.22,EUR,North,INV-54819,pending,2023-08-10,user_18
REC00096,2023-06-24,VND031,9981.79,GBP,South,INV-84892,overdue,2023-07-10,user_4
REC00097,2024-05-13,VND033,8234.62,EUR,Central,INV-62238,overdue,2024-05-05,user_13
REC00098,2024-04-09,VND002,711.81,INR,West,INV-23965,paid,2024-04-19,user_17
REC00099,2023-04-13,VND015,12846.69,GBP,East,INV-43905,pending,2023-04-18,user_6
REC00100,2024-08-30,VND043,8500.24,INR,South,INV-38131,pending,2024-09-27,user_15
REC00101,2023-05-26,VND013,3473.4,EUR,North,INV-84407,pending,2023-05-31,user_2
REC00102,2024-08-10,VND015,950.05,EUR,South,INV-37631,pending,2024-08-13,user_15
REC00103,2023-01-06,VND017,821.55,USD,North,INV-22472,paid,2023-02-03,user_13
REC00104,2024-08-04,VND009,1330.76,USD,North,INV-76239,overdue,2024-08-21,user_4
REC00105,2024-07-28,VND008,6727.05,INR,West,INV-48554,paid,2024-08-10,user_2
REC00106,2024-07-23,VND018,710.92,GBP,North,INV-18627,paid,2024-08-14,user_15
REC00107,2024-04-30,VND044,5746.05,INR,North,INV-72077,overdue,2024-05-12,user_5
REC00108,2023-12-11,VND001,462.83,USD,East,INV-28945,overdue,2023-12-15,user_10
REC00109,2024-05-29,VND015,2194.91,EUR,South,INV-88140,pending,2024-06-20,user_2
REC00110,2023-07-22,VND004,,EUR,East,INV-84920,overdue,2023-07-28,user_20
REC00111,2024-07-23,VND029,116738.91,EUR,North,INV-43261,pending,2024-08-09,user_11
REC00112,2024-02-10,VND013,377.67,EUR,South,INV-60003,pending,2024-03-09,user_19
REC00113,2023-12-02,VND040,27119.87,EUR,East,INV-61096,paid,2023-12-30,user_4
REC00114,2024-01-05,VND030,3732.24,GBP,West,INV-68807,paid,2024-01-16,user_5
REC00115,2024-02-20,VND040,5523.45,USD,East,INV-16222,pending,2024-02-11,user_13
REC00116,2023-01-28,VND032,3560.02,GBP,East,INV-39235,pending,2023-02-15,user_13
REC00117,2023-04-13,VND022,5808.57,GBP,East,INV-25328,draft,2023-04-27,user_16
REC00118,2023-06-29,VND044,2367.22,GBP,South,INV-72773,draft,2023-07-04,user_19
REC00119,2023-03-25,VND024,26398.84,GBP,South,INV-16222,overdue,2023-04-05,user_17
REC00120,2023-11-17,VND048,1503.11,GBP,East,INV-56525,pending,2023-12-06,user_3
REC00121,2024-05-02,VND050,16290.74,INR,North,INV-75508,paid,2024-05-31,user_7
REC00122,2024-04-22,VND030,1133.94,GBP,West,INV-95353,overdue,2024-04-23,user_19
REC00123,2023-12-10,VND034,2723.36,EUR,West,INV-35925,pending,2023-12-31,user_11
REC00124,2024-09-16,VND013,597.08,USD,South,INV-10717,pending,2024-10-11,user_18
REC00125,2024-02-17,VND041,5898.98,EUR,South,INV-75136,pending,2024-03-16,user_12
REC00126,2023-02-27,VND034,26047.81,USD,South,INV-10139,paid,2023-03-12,user_1
REC00127,2024-07-12,VND046,2654.38,EUR,West,INV-15975,pending,2024-07-16,user_10
REC00128,2024-02-24,VND014,2218.69,GBP,West,INV-99143,pending,2024-03-03,user_17
REC00129,2024-04-08,VND040,560.08,INR,North,INV-87628,pending,2024-05-03,user_14
REC00130,2024-02-17,VND024,2113.42,USD,East,INV-73677,paid,2024-03-14,user_3
REC00131,2024-02-09,VND010,273.37,GBP,North,INV-85196,pending,2024-02-28,user_5
REC00132,2023-03-08,VND009,758.0,USD,East,INV-16781,pending,2023-03-12,user_18
REC00133,2024-02-13,VND029,4188.84,GBP,South,INV-18003,pending,2024-02-17,user_20
REC00134,2024-08-03,VND016,21558.38,INR,South,INV-37074,paid,2024-08-17,user_16
REC00135,2023-08-10,VND006,201554.74,EUR,East,INV-12138,pending,2023-08-28,user_2
REC00136,2024-03-16,VND022,1236.6,GBP,South,INV-89947,paid,2024-03-17,user_13
REC00137,2023-01-23,VND033,25666.71,GBP,South,INV-15065,pending,2023-02-12,user_17
REC00138,2023-09-11,VND016,4296.81,INR,West,INV-58963,paid,2023-09-27,user_13
REC00139,2023-11-15,VND048,2375.89,GBP,Central,INV-86825,pending,2023-11-16,user_12
REC00140,2024-12-18,VND039,5703.82,USD,North,INV-76148,overdue,2024-12-21,user_10
REC00141,2023-06-06,VND026,3271.08,USD,South,INV-31123,overdue,2023-06-20,user_5
REC00000,2023-07-21,VND047,3517.81,USD,Central,INV-52329,overdue,2023-08-11,user_6
REC00143,2023-10-26,VND022,1615.66,EUR,East,INV-59344,overdue,2023-11-19,user_15
REC00144,2024-12-25,VND007,366.07,EUR,South,INV-79112,paid,2025-01-07,user_2
REC00145,2024-09-14,VND002,294.29,USD,East,INV-48361,pending,2024-09-23,user_2
REC00146,2023-01-26,VND047,7941.58,INR,North,INV-35652,pending,2023-02-24,user_8
REC00147,2023-06-20,VND048,1968.35,GBP,North,INV-81596,overdue,2023-07-04,user_16
REC00148,2024-08-22,VND037,1219.1,INR,West,INV-89782,pending,2024-09-01,user_14
REC00149,2023-02-12,VND006,3019.23,INR,East,INV-54000,overdue,2023-02-25,user_12
REC00150,2024-09-16,VND015,9822.18,EUR,West,INV-12521,paid,2024-09-17,user_11
REC00151,2023-07-25,VND003,3907.08,USD,South,INV-55058,paid,2023-08-03,user_3
REC00152,2024-10-31,VND003,1114.23,EUR,Central,INV-90035,paid,2024-11-15,user_7
REC00153,2023-08-03,VND013,18759.2,GBP,East,INV-99017,pending,2023-08-30,user_2
REC00154,2023-11-14,VND029,31849.54,INR,West,INV-46092,pending,2023-12-06,user_16
REC00155,2024-04-28,VND004,6259.37,USD,North,INV-23511,paid,2024-05-21,user_16
REC00156,2023-04-03,VND050,12842.24,EUR,North,INV-61494,overdue,2023-04-19,user_6
REC00157,2024-02-11,VND023,19205.27,GBP,West,INV-84762,overdue,2024-02-15,user_6
REC00158,2024-01-04,VND014,16238.64,EUR,Central,INV-95049,pending,2024-01-16,user_7
REC00159,2024-07-26,VND026,7488.69,USD,Central,INV-14657,paid,2024-08-24,user_18
REC00160,2024-12-28,VND040,7313.82,EUR,South,INV-36149,overdue,2024-12-30,user_10
REC00161,2024-04-29,VND016,6499.57,GBP,North,INV-52987,overdue,2024-05-25,user_16
REC00162,2023-10-26,VND003,574.78,USD,Central,INV-18842,paid,2023-11-15,user_9
REC00163,2023-10-24,VND003,8527.78,GBP,West,INV-89769,paid,2023-11-02,user_14
REC00164,2023-11-02,VND043,390.05,GBP,South,INV-20095,pending,2023-11-25,user_11
REC00165,2024-08-17,VND006,905.15,USD,West,INV-69868,pending,2024-09-11,user_6
REC00166,2023-08-23,VND032,21064.57,INR,Central,INV-92675,paid,2023-08-18,user_18
REC00167,2023-05-02,VND020,10512.6,GBP,South,INV-71668,overdue,2023-05-06,user_15
REC00168,2023-09-02,VND039,27752.95,INR,West,INV-78687,pending,2023-09-22,user_16
REC00169,2023-01-17,VND004,1983.24,USD,West,INV-33698,pending,2023-02-15,user_19
REC00170,2023-03-19,VND045,529.34,INR,East,INV-84471,paid,2023-03-20,user_5
REC00171,2023-03-07,VND035,2078.38,EUR,West,INV-47671,overdue,2023-03-27,user_2
REC00172,2024-07-17,VND023,3473.95,USD,South,INV-15518,paid,2024-07-21,user_12
REC00173,2024-06-11,VND011,3355.93,EUR,Central,INV-42991,overdue,2024-06-30,user_7
REC00174,2024-05-23,VND049,16326.11,GBP,Central,INV-41485,pending,2024-06-11,user_9
REC00175,2023-12-04,VND016,1733.84,GBP,Central,INV-56929,overdue,2023-12-07,user_5
REC00176,2024-06-07,VND025,5054.59,GBP,West,INV-33834,paid,2024-06-27,user_8
REC00177,2023-04-28,VND020,676.59,INR,North,INV-51600,paid,2023-05-25,user_8
REC00178,2024-10-19,VND012,5857.49,USD,South,INV-48516,overdue,2024-11-14,user_8
REC00179,2024-01-01,VND021,2994.89,INR,East,INV-39420,overdue,2024-01-02,user_15
REC00180,2024-11-15,VND008,968.05,GBP,Central,INV-72659,pending,2024-11-23,user_12
REC00181,2023-04-22,VND001,2092.8,EUR,East,INV-37492,paid,2023-04-29,user_10
REC00182,2023-12-30,VND015,2261.39,USD,East,INV-78919,overdue,2024-01-13,user_3
REC00183,2024-05-23,VND006,1987.77,XYZ,North,INV-32576,pending,2024-05-28,user_12
REC00184,2023-12-28,VND021,42489.48,EUR,West,INV-87837,overdue,2024-01-22,user_4
REC00185,2023-11-22,VND044,2571.72,USD,South,INV-42853,overdue,2023-12-15,user_7
REC00186,2023-05-02,VND009,2067.62,USD,North,INV-13662,overdue,2023-05-26,user_9
REC00187,2023-10-06,VND001,128.23,INR,Central,INV-23494,unknown,2023-10-12,user_3
REC00188,2023-06-24,VND006,779.53,USD,North,INV-82562,overdue,2023-06-25,user_8
REC00189,2023-08-09,VND026,2008.99,USD,North,INV-88488,pending,2023-09-05,user_6
REC00190,2024-05-14,VND014,1065.52,GBP,North,INV-29077,paid,2024-05-23,user_17
REC00191,2024-04-05,VND025,23684.15,GBP,East,INV-64190,pending,2024-04-25,user_18
REC00192,2024-03-19,VND002,2327.6,GBP,North,INV-61690,overdue,2024-04-15,user_1
REC00193,2023-09-22,VND017,20592.17,INR,Central,INV-22040,overdue,2023-09-24,user_13
REC00194,2024-12-01,VND021,3270.04,GBP,East,INV-50679,pending,2024-12-02,user_13
REC00195,2023-03-05,VND022,3152.16,USD,South,INV-72446,overdue,2023-03-06,user_8
REC00196,2023-09-08,VND028,2609.22,USD,North,INV-97040,paid,2023-09-13,user_10
REC00197,2023-03-28,VND040,2997.98,GBP,East,INV-86289,pending,2023-03-30,user_16
REC00198,2023-09-05,VND024,39269.07,GBP,North,INV-18804,draft,2023-09-29,user_8
REC00199,2024-12-03,VND043,91.89,INR,Central,INV-31377,overdue,2024-12-21,user_2
REC00200,2023-09-25,VND027,148.07,USD,South,INV-49303,paid,2023-10-24,user_8
REC00201,2024-10-25,VND014,1319.81,EUR,East,INV-23553,paid,2024-11-18,user_6
REC00202,2023-12-28,VND012,3046.63,EUR,North,INV-61361,pending,2024-01-25,user_8
REC00203,2024-05-25,VND017,8393.03,USD,North,INV-10775,paid,2024-06-01,user_5
REC00204,2023-11-30,VND030,6061.0,,South,INV-20216,pending,2023-12-09,user_3
REC00205,2023-07-14,VND013,1675.11,GBP,North,INV-14252,pending,2023-08-08,user_20
REC00206,2024-07-11,VND046,13746.86,INR,West,INV-36593,overdue,2024-07-19,user_3
REC00207,2024-12-08,VND024,13978.74,EUR,Central,INV-78601,overdue,2024-12-10,user_15
REC00208,2023-07-12,VND044,3928.79,EUR,Central,INV-25954,paid,2023-08-01,user_15
REC00209,2024-07-22,VND035,12631.97,GBP,South,INV-98845,paid,2024-08-15,user_13
REC00210,2024/10/27,VND017,4487.13,USD,West,INV-34258,paid,2023-08-08,user_19
REC00211,2024-06-07,VND012,1284.05,INR,East,INV-14039,paid,2024-07-04,user_1
REC00212,2024-07-29,VND038,8490.69,EUR,North,INV-40194,overdue,2024-08-02,user_7
REC00213,2023-11-25,VND017,3518.96,EUR,North,INV-77325,paid,2023-12-18,user_4
REC00214,2024-06-21,VND013,2986.96,USD,East,INV-19598,paid,2024-07-16,user_12
REC00215,2023-07-18,VND047,27158.09,GBP,East,INV-16467,overdue,2023-08-08,user_13
REC00216,2024/03/01,VND025,75.47,GBP,North,INV-86440,overdue,2023-03-23,user_18
REC00217,2023-03-12,VND003,355.48,INR,Central,INV-63291,paid,2023-04-06,user_8
REC00218,2023-11-23,VND025,502.4,GBP,West,INV-40891,paid,2023-12-06,user_5
REC00219,2024-10-20,VND024,1728.67,INR,East,INV-78046,pending,2024-10-22,user_19
REC00220,2023-04-04,VND044,2034.67,USD,Central,INV-85988,pending,2023-04-18,user_14
REC00221,2023-11-29,VND036,310.76,INR,Central,INV-42328,overdue,2023-12-05,user_16
REC00222,2024-05-28,VND010,680.12,USD,Central,INV-60505,pending,2024-06-01,user_9
REC00223,2023-05-28,VND008,819.54,GBP,South,INV-10984,paid,2023-06-01,user_9
REC00224,2024-06-10,VND031,118911.66,USD,Central,INV-37551,pending,2024-07-01,user_8
REC00225,2023-08-12,VND003,44471.91,EUR,East,INV-63566,pending,2023-08-27,user_15
REC00226,2024-08-13,VND016,1607.4,INR,West,INV-27738,pending,2024-08-29,user_5
REC00227,2024-02-27,VND007,1727.84,EUR,Central,INV-99211,pending,2024-03-20,user_20
REC00228,2024-02-04,VND002,531.76,USD,North,INV-97401,overdue,2024-02-20,user_4
REC00229,2023-05-10,VND046,170.34,EUR,East,INV-33185,overdue,2023-05-29,user_10
REC00230,2023-12-05,VND005,2501.58,GBP,North,INV-45672,paid,2023-12-08,user_7
REC00231,2024-09-17,VND001,667.29,EUR,South,INV-27054,pending,2024-10-12,user_13
REC00232,2023-01-15,VND047,2624.71,INR,East,INV-55355,overdue,2023-01-29,user_14
REC00233,2024-07-07,VND010,270.34,USD,Central,INV-21153,pending,2024-07-12,user_19
REC00234,2023-12-26,VND041,950.55,INR,Central,INV-45184,pending,2024-01-19,user_16
REC00235,2024-06-09,VND002,3725.44,USD,South,INV-59972,paid,2024-07-01,user_5
REC00236,2024-04-29,VND008,5163.21,INR,South,INV-65065,paid,2024-05-01,user_5
REC00237,2023-11-12,VND006,5575.89,EUR,East,INV-63679,overdue,2023-11-18,user_18
REC00238,2023-08-14,VND036,411.28,USD,Central,INV-29927,overdue,2023-08-15,user_10
REC00239,2024-04-02,VND032,10743.2,INR,Central,INV-81303,overdue,2024-04-10,user_2
REC00240,2023-04-13,VND024,897.56,INR,South,INV-72256,paid,2023-04-16,user_17
REC00241,2024-03-02,VND013,7702.4,GBP,North,INV-77775,paid,2024-03-23,user_13
REC00242,2023-03-11,VND005,2933.77,GBP,West,INV-52106,paid,2023-03-27,user_1
REC00243,2024-04-19,VND029,378.2,GBP,South,INV-90327,pending,2024-05-18,user_16
REC00244,2024-04-03,VND012,1855.12,INR,North,INV-45086,pending,2024-04-25,user_13
REC00245,2023-03-03,VND030,5156.67,USD,North,INV-82518,overdue,2023-03-21,user_13
REC00246,2024-07-06,VND035,7475.96,GBP,East,INV-28317,overdue,2024-07-21,user_18
REC00247,2023-10-31,VND043,2412.74,EUR,South,INV-32253,paid,2023-11-02,user_10
REC00248,2024-07-28,VND025,29663.37,INR,East,INV-57406,overdue,2024-07-31,user_10
REC00249,2023-01-31,VND001,13511.09,INR,South,INV-60028,paid,2023-02-18,user_13
REC00250,2023-05-12,VND015,2028.43,USD,West,INV-77158,paid,2023-05-13,user_4
REC00251,2023-12-27,VND043,9183.67,GBP,West,INV-36766,pending,2023-12-29,user_4
REC00252,2023-05-18,VND027,54213.77,INR,East,INV-88537,paid,2023-05-25,user_17
REC00253,2023-08-29,VND031,56428.35,GBP,North,INV-39680,pending,2023-09-24,user_5
REC00254,2024-04-27,VND023,472.48,EUR,East,INV-58075,pending,2024-05-11,user_11
REC00255,2023-04-16,VND009,742.63,GBP,West,INV-93874,paid,2023-05-07,user_6
REC00256,2024-05-09,VND045,27649.92,GBP,South,INV-58545,pending,2024-05-21,user_5
REC00257,2023-03-17,VND039,609.46,USD,South,INV-71369,pending,2023-03-23,user_12
REC00258,2023-05-08,VND050,410.01,GBP,East,INV-91775,overdue,2023-05-19,user_17
REC00259,2024-03-04,VND043,1437.57,INR,South,INV-97712,paid,2024-03-07,user_9
REC00260,2024-08-02,VND015,5598.98,USD,East,INV-54946,paid,2024-08-25,user_3
REC00261,2023-05-05,VND013,2556.53,INR,South,INV-47521,pending,2023-05-11,user_5
REC00262,2023-08-07,VND013,1123.44,INR,South,INV-27723,paid,2023-08-18,user_4
REC00263,2024-11-06,VND046,1084.29,INR,West,INV-58368,overdue,2024-12-05,user_18
REC00264,2024-12-23,VND028,1024.02,INR,East,INV-92649,paid,2025-01-10,user_7
REC00265,2024-02-29,VND023,796.91,INR,East,INV-53839,pending,2024-03-14,user_8
REC00266,2023-11-23,VND049,91349.61,USD,West,INV-41362,overdue,2023-12-09,user_2
REC00267,2023-09-11,VND031,4657.65,INR,South,INV-19655,paid,2023-10-04,user_9
REC00268,2024-03-23,VND046,11272.69,INR,North,INV-45075,draft,2024-03-31,user_19
REC00269,2024-03-07,VND050,1431.36,GBP,Central,INV-31302,overdue,2024-03-26,user_9
REC00270,2023-08-04,VND004,2255.36,INR,North,INV-97903,pending,2023-08-30,user_14
REC00271,2023-01-17,VND019,1022.16,INR,East,INV-57486,paid,2023-02-03,user_4
REC00272,2023-04-21,VND037,55.84,INR,South,INV-22328,paid,2023-05-04,user_3
REC00273,2024-11-30,VND041,377.28,INR,South,INV-16063,overdue,2024-12-05,user_15
REC00274,2023-11-02,VND008,197.17,EUR,North,INV-86566,overdue,2023-11-10,user_2
REC00275,2023-12-19,VND016,102.04,GBP,Central,INV-93830,pending,2024-01-16,user_9
REC00276,2023-12-07,VND028,496.19,EUR,East,INV-78669,pending,2023-12-23,user_7
REC00277,2024-07-25,VND040,21751.4,EUR,South,INV-21145,overdue,2024-08-03,user_1
REC00278,2023-02-17,VND006,2788.74,INR,West,INV-18845,paid,2023-03-02,user_11
REC00279,2023-03-02,VND031,20657.75,GBP,North,INV-27818,paid,2023-03-19,user_20
REC00280,2023-07-21,VND015,5521.88,INR,East,INV-77601,overdue,2023-08-06,user_2
REC00281,2023-12-22,VND011,9641.56,EUR,East,INV-78878,paid,2024-01-12,user_17
REC00282,2024-05-04,VND026,771.75,USD,East,INV-85405,overdue,2024-05-12,user_11
REC00283,2023-12-25,VND021,6541.53,GBP,North,INV-18724,pending,2024-01-13,user_15
REC00284,2023-11-19,VND032,8893.46,USD,Central,INV-23789,overdue,2023-12-02,user_2
REC00285,2024-11-15,VND016,1255.17,EUR,South,INV-91024,paid,2024-12-13,user_18
REC00286,2023-04-28,VND042,6900.23,USD,West,INV-93586,overdue,2023-05-03,user_1
REC00287,2024-02-22,VND004,6969.38,EUR,West,INV-75312,paid,2024-02-27,user_19
REC00288,2024-01-31,VND044,1307.24,GBP,South,INV-19543,paid,2024-02-14,user_14
REC00289,2023-12-12,VND002,553.27,EUR,North,INV-16175,overdue,2023-12-27,user_7
REC00290,2024-08-12,VND037,504.62,USD,South,INV-15002,pending,2024-09-02,user_1
REC00291,2023-07-14,VND018,3393.98,USD,Central,INV-72265,overdue,2023-07-26,user_13
REC00292,2024-11-27,VND020,4868.37,EUR,Central,INV-86136,paid,2024-12-24,user_2
REC00293,2023-08-31,VND001,907.97,USD,Central,INV-66845,paid,2023-09-14,user_13
REC00294,2024-02-02,VND036,3102.23,INR,South,INV-33588,pending,2024-02-06,user_16
REC00295,2024-01-16,VND009,7015.0,USD,West,INV-78160,overdue,2024-01-08,user_6
REC00296,2024-09-12,VND033,7534.79,INR,North,INV-15321,pending,2024-10-11,user_5
REC00297,2023-11-17,VND037,30571.4,INR,West,INV-84536,overdue,2023-11-21,user_5
REC00298,2023-07-27,VND043,20241.12,USD,East,INV-90268,overdue,2023-08-24,user_5
REC00299,2023-01-16,VND036,663.85,GBP,West,INV-74650,overdue,2023-01-25,user_3
REC00300,2023-09-23,VND016,37248.96,GBP,West,INV-89132,pending,2023-09-26,user_5
REC00301,2024-08-26,VND037,1344.17,USD,Central,INV-62755,overdue,2024-09-04,user_14
REC00302,2023-01-08,VND042,14289.91,USD,East,INV-52152,pending,2023-01-26,user_7
REC00303,2024-10-16,VND016,3301.0,INR,South,INV-39021,overdue,2024-10-29,user_16
REC00304,2024-02-01,VND007,1606.44,GBP,East,INV-92952,pending,2024-02-24,user_17
REC00305,2023-04-13,VND045,198.04,INR,North,INV-72753,pending,2023-05-01,user_16
REC00306,2023-08-09,VND008,2304.58,GBP,North,INV-27144,pending,2023-08-21,user_11
REC00307,2024-02-09,VND030,287.41,GBP,East,INV-96126,pending,2024-02-28,user_7
REC00308,2023-08-19,VND012,12720.23,EUR,Central,INV-15328,overdue,2023-09-17,user_19
REC00309,2023-03-21,VND007,29004.0,USD,East,INV-62876,overdue,2023-04-02,user_5
REC00310,2024-05-01,VND039,902.02,GBP,West,INV-27148,pending,2024-05-06,user_10
REC00000,2024-05-05,VND008,4688.91,EUR,North,INV-69790,paid,2024-05-17,user_10
REC00312,2023-03-28,VND034,1004.17,EUR,East,INV-47138,pending,2023-04-22,user_15
REC00313,2023-07-25,VND035,1161.27,GBP,West,INV-49341,paid,2023-08-01,user_11
REC00314,2023-06-28,VND004,9525.64,GBP,South,INV-70438,paid,2023-07-26,user_16
REC00315,2024-04-26,VND009,2813.52,INR,North,INV-78050,paid,2024-05-14,user_19
REC00316,2024-06-17,VND040,40516.8,GBP,North,INV-44203,pending,2024-07-05,user_8
REC00317,2024-06-14,VND026,1446.14,GBP,Central,INV-99789,overdue,2024-06-24,user_18
REC00318,2024-11-16,VND007,13346.43,INR,West,INV-54862,pending,2024-12-13,user_4
REC00319,2024-07-15,VND050,3449.97,USD,South,INV-24434,pending,2024-07-17,user_19
REC00320,2023-08-23,VND014,9834.65,GBP,South,INV-10575,paid,2023-09-01,user_4
REC00321,2023-03-20,VND001,1524.26,INR,North,INV-28216,overdue,2023-04-02,user_18
REC00322,2024-03-24,VND047,2767.4,USD,Central,INV-72197,paid,2024-04-07,user_8
REC00323,2024-10-30,VND001,2506.77,EUR,North,INV-58548,overdue,2024-11-13,user_20
REC00324,2024-12-12,VND028,850.58,EUR,West,INV-40404,overdue,2024-12-17,user_3
REC00325,2023-06-18,VND050,8047.54,GBP,South,INV-53323,overdue,2023-06-25,user_10
REC00326,2023-06-22,VND029,7905.97,INR,South,INV-85430,paid,2023-06-25,user_19
REC00327,2023-01-28,VND030,7261.43,USD,South,INV-61440,paid,2023-02-14,user_1
REC00328,2023-04-14,VND020,29895.06,GBP,Central,INV-15228,paid,2023-04-25,user_6
REC00329,2024-02-10,VND007,26213.17,EUR,North,INV-14416,overdue,2024-02-27,user_2
REC00330,2024-02-04,VND029,1698.64,INR,South,INV-53384,paid,2024-02-22,user_7
REC00331,2023-09-28,VND045,5216.48,USD,South,INV-46384,overdue,2023-10-19,user_8
REC00332,2023-08-15,VND005,1169.81,USD,South,INV-86544,paid,2023-08-31,user_13
REC00333,2024-08-28,VND045,3087.24,EUR,North,INV-62467,paid,2024-09-16,user_6
REC00334,2023-12-02,VND021,1212.42,USD,Central,INV-78116,paid,2023-12-20,user_4
REC00335,2024-08-13,VND027,33863.92,EUR,South,INV-62666,overdue,2024-09-01,user_4
REC00336,2024-12-04,VND009,5143.8,USD,East,INV-41074,pending,2024-12-22,user_19
REC00337,2023-08-20,VND032,2149.43,EUR,South,INV-69159,pending,2023-08-30,user_20
REC00338,2023-05-28,VND010,17861.95,INR,Central,INV-65927,pending,2023-06-05,user_5
REC00339,2024-11-26,VND014,114.9,EUR,South,INV-74818,pending,2024-12-19,user_4
REC00340,2024-04-08,VND037,145.31,GBP,South,INV-27031,pending,2024-04-18,user_2
REC00341,2023-08-01,VND003,9835.54,INR,South,INV-67738,pending,2023-08-17,user_20
REC00342,2024-03-29,VND023,3263.98,USD,South,INV-35692,paid,2024-04-04,user_15
REC00343,2024-01-11,VND030,4340.17,EUR,North,INV-81121,paid,2024-01-24,user_16
REC00344,2024-10-23,VND007,407.65,AUD,West,INV-81866,pending,2024-11-08,user_6
REC00345,2023-07-06,VND015,0.0,EUR,North,INV-66227,paid,2023-07-25,user_13
REC00346,2024-12-24,VND018,60190.16,EUR,South,INV-95201,pending,2025-01-09,user_2
REC00347,2024-11-14,VND034,10262.99,EUR,South,INV-58375,paid,2024-11-25,user_14
REC00348,2023-05-12,VND049,3845.12,EUR,South,INV-12262,overdue,2023-06-09,user_12
REC00349,2023-05-01,VND042,1542.9,INR,West,INV-64557,paid,2023-05-16,user_7
REC00350,2024-01-25,VND010,1649.36,GBP,East,INV-79991,paid,2024-02-18,user_15
REC00351,2023-02-02,VND001,122.27,USD,Central,INV-19107,pending,2023-02-24,user_13
REC00352,2023-08-07,VND003,4387.26,INR,South,INV-19413,paid,2023-08-24,user_9
REC00353,2023-11-14,VND030,10595.92,USD,Central,INV-34583,pending,2023-12-10,user_4
REC00354,2024-12-08,VND008,280.5,USD,North,INV-85981,paid,2024-12-12,user_1
REC00355,2024-12-25,VND012,1105.3,INR,East,INV-57465,paid,2025-01-21,user_19
REC00356,2023-04-21,VND043,525.21,GBP,West,INV-97878,overdue,2023-04-14,user_6
REC00357,2024-10-12,VND044,700.63,INR,East,INV-88567,overdue,2024-10-27,user_7
REC00358,2023-03-08,VND042,3229.95,USD,Central,INV-59934,paid,2023-03-30,user_14
REC00359,2024-06-30,VND013,130.76,USD,South,INV-71113,overdue,2024-07-16,user_6
REC00360,2024-09-09,VND031,7490.61,GBP,North,INV-39789,overdue,2024-09-17,user_8
REC00361,2024-10-12,VND031,9235.25,EUR,West,INV-18136,pending,2024-11-05,user_15
REC00362,2023-06-13,VND010,2045.39,GBP,North,INV-45885,pending,2023-06-21,user_12
REC00000,2024-10-14,VND028,72.16,INR,West,INV-63304,overdue,2024-10-24,user_14
REC00364,2023-03-26,VND027,668.72,GBP,West,INV-26397,pending,2023-04-11,user_1
REC00365,2024-01-14,VND020,18946.09,GBP,Central,INV-29956,pending,2024-02-08,user_10
REC00366,2023-12-09,VND038,50.0,USD,East,INV-11349,pending,2023-12-21,user_10
REC00367,2023-08-19,VND034,1769.96,EUR,Central,INV-76060,overdue,2023-09-03,user_13
REC00368,2023-01-17,VND027,507.75,INR,North,INV-90947,overdue,2023-01-19,user_4
REC00369,2024-07-17,VND037,9965.21,GBP,East,INV-84468,paid,2024-07-21,user_4
REC00370,2023-09-02,VND039,1082.83,GBP,North,INV-44199,pending,2023-09-04,user_16
REC00371,2024-04-28,VND029,5463.97,USD,West,INV-63410,overdue,2024-05-01,user_14
REC00372,2023-10-27,VND014,6961.78,EUR,West,INV-96471,paid,2023-11-22,user_17
REC00373,2023-09-30,VND038,46832.78,USD,Central,INV-63222,overdue,2023-10-25,user_6
REC00374,2024-10-08,VND036,2198.62,INR,West,INV-36629,overdue,2024-11-01,user_20
REC00375,2023-03-10,VND050,5239.95,EUR,South,INV-40472,overdue,2023-03-12,user_6
REC00376,2024-06-21,VND008,321.31,EUR,North,INV-75441,paid,2024-06-24,user_14
REC00000,2024-06-29,VND021,17776.28,GBP,Central,INV-50162,pending,2024-07-08,user_4
REC00378,2023-10-05,VND047,952.64,GBP,East,INV-85356,pending,2023-10-22,user_19
REC00379,2023-07-11,VND026,1285.46,USD,North,INV-87768,pending,2023-07-21,user_7
REC00380,2023-01-04,VND048,2883.12,GBP,Central,INV-13224,overdue,2023-01-19,user_17
REC00381,2024-11-14,VND001,285.91,EUR,Central,INV-75098,pending,2024-11-20,user_7
REC00382,2024-11-22,VND002,4201.32,EUR,East,INV-43295,pending,2024-12-14,user_16
REC00383,2023-06-25,VND040,12723.42,EUR,West,INV-56777,overdue,2023-07-05,user_10
REC00384,2023-01-24,VND018,4625.78,GBP,North,INV-33831,overdue,2023-01-26,user_2
REC00385,2023-03-31,VND027,274.97,EUR,North,INV-43140,overdue,2023-04-22,user_4
REC00386,2023-02-19,VND022,2475.72,INR,South,INV-39733,pending,2023-03-18,user_14
REC00387,2024-08-29,VND021,9072.86,INR,West,INV-14534,overdue,2024-08-30,user_4
REC00388,2024-10-13,VND047,178.22,USD,North,INV-80448,paid,2024-10-26,user_6
REC00389,2023-04-22,VND005,594.58,EUR,North,INV-22870,pending,2023-05-16,user_11
REC00390,2024-06-29,VND039,11101.28,EUR,West,INV-43821,pending,2024-07-20,user_6
REC00391,2023-05-11,VND045,4470.0,USD,West,INV-27372,paid,2023-06-05,user_3
REC00392,2023-09-26,VND033,5530.08,EUR,West,INV-24454,pending,2023-10-09,user_13
REC00393,2024-03-13,VND020,48496.27,GBP,West,INV-43604,pending,2024-03-24,user_14
REC00394,2024-06-09,VND009,6019.92,USD,Central,INV-92688,pending,2024-06-30,user_15
REC00395,2024-09-30,VND035,7997.08,USD,West,INV-94971,paid,2024-10-05,user_19
REC00396,2023-02-02,VND024,173879.58,EUR,East,INV-44352,paid,2023-02-09,user_3
REC00397,2023-05-24,VND008,2163.09,USD,Central,INV-55463,paid,2023-06-11,user_9
REC00398,2023-07-24,VND018,900.7,GBP,South,INV-98711,pending,2023-08-13,user_5
REC00399,2023-08-15,VND049,5662.92,GBP,North,INV-31135,paid,2023-08-19,user_19
REC00400,2024-12-29,VND014,5758.81,EUR,West,INV-95022,pending,2025-01-13,user_11
REC00401,2024-07-21,VND009,1352.79,USD,South,INV-19517,overdue,2024-08-01,user_2
REC00402,2023-08-22,VND035,633.59,EUR,Central,INV-30326,overdue,2023-09-06,user_14
REC00403,2024-12-10,VND010,95298.24,INR,East,INV-40447,paid,2025-01-07,user_1
REC00404,2023-12-31,VND046,4867.16,USD,Central,INV-13337,overdue,2024-01-03,user_6
REC00405,2024-01-01,VND043,993.84,INR,North,INV-83414,paid,2024-01-30,user_15
REC00406,2023-11-13,VND050,11776.9,INR,West,INV-86986,paid,2023-11-27,user_11
REC00407,2023-04-16,VND046,2530.78,INR,East,INV-44500,paid,2023-05-09,user_16
REC00000,2024-11-13,VND013,2039.94,EUR,East,INV-85273,paid,2024-11-26,user_12
REC00409,2023-01-11,VND011,6928.57,INR,South,INV-79524,overdue,2023-01-21,user_17
REC00410,2023-05-08,VND018,429.31,EUR,Central,INV-82125,paid,2023-05-31,user_12
REC00411,2023-06-17,VND024,5059.08,USD,South,INV-82242,overdue,2023-07-07,user_2
REC00412,2023-07-23,VND044,52545.37,USD,Central,INV-61612,pending,2023-07-28,user_2
REC00413,2023-04-07,VND037,5998.51,GBP,East,INV-19973,paid,2023-04-28,user_16
REC00414,2023-01-14,VND033,1695.41,EUR,North,INV-93112,pending,2023-02-05,user_1
REC00415,2024-05-09,VND044,1393.18,EUR,Central,INV-64778,paid,2024-05-21,user_8
REC00416,2024-12-08,VND033,1610.81,EUR,North,INV-91112,pending,2025-01-04,user_1
REC00417,2023-03-30,VND019,2036.64,INR,South,INV-96317,pending,2023-04-18,user_7
REC00418,2023-08-05,VND021,1691.36,INR,Central,INV-26844,pending,2023-08-15,user_12
REC00419,2024-01-05,VND026,11783.64,EUR,Central,INV-46192,paid,2024-01-06,user_4
REC00420,2024-11-08,VND005,221.45,GBP,Central,INV-27324,overdue,2024-11-28,user_10
REC00421,2024-05-21,VND038,10861.72,INR,East,INV-14584,pending,2024-05-28,user_20
REC00422,2024-07-13,VND033,1686.6,INR,West,INV-96975,paid,2024-08-04,user_2
REC00423,2024-02-29,VND037,5247.05,GBP,South,INV-93096,pending,2024-03-16,user_2
REC00424,2023-11-01,VND027,549.78,GBP,West,INV-93855,paid,2023-11-15,user_6
REC00425,2023-05-26,VND040,21871.65,INR,East,INV-89529,overdue,2023-05-31,user_17
REC00426,2024-09-22,VND048,19311.43,USD,North,INV-68388,overdue,2024-10-13,user_9
REC00427,2024-08-10,VND029,12573.99,EUR,East,INV-56992,paid,2024-08-15,user_13
REC00428,2024/06/17,VND023,307.31,INR,East,INV-99231,overdue,2023-02-01,user_1
REC00429,2024-06-06,VND006,10339.03,USD,South,INV-59702,overdue,2024-07-01,user_15
REC00430,2023-03-03,VND039,5471.36,USD,South,INV-67818,pending,2023-03-30,user_2
REC00431,2024-06-23,VND046,268.3,EUR,East,INV-29056,paid,2024-07-22,user_15
REC00432,2024-08-25,VND035,2874.27,USD,North,INV-77202,overdue,2024-09-22,user_3
REC00433,2023-04-06,VND044,5150.26,USD,North,INV-83749,overdue,2023-04-23,user_18
REC00434,2023-11-13,VND044,6864.46,USD,West,INV-71066,overdue,2023-11-19,user_6
REC00435,2023-04-01,VND040,3888.94,GBP,South,INV-54873,overdue,2023-04-26,user_4
REC00436,2024-02-19,VND026,4613.98,INR,West,INV-27807,overdue,2024-03-14,user_7
REC00437,2024-11-08,VND005,27184.9,INR,East,INV-13048,overdue,2024-12-07,user_1
REC00438,2023-03-01,VND001,18751.91,INR,East,INV-66457,paid,2023-03-20,user_4
REC00439,2023-10-18,VND011,50.0,GBP,East,INV-71470,pending,2023-10-23,user_12
REC00440,2024-12-11,,1851.67,GBP,East,INV-79534,paid,2024-12-26,user_7
REC00441,2023-08-08,VND038,2328.6,EUR,Central,INV-95543,paid,2023-08-21,user_8
REC00442,2023-04-07,VND023,215.26,INR,Central,INV-54762,overdue,2023-05-02,user_17
REC00443,2023-12-23,VND002,3433.29,GBP,South,INV-84622,overdue,2024-01-04,user_3
REC00444,2024-01-07,VND011,19402.1,USD,West,INV-74465,pending,2024-01-17,user_8
REC00445,2024-04-28,VND049,584.14,GBP,Central,INV-34947,overdue,2024-05-01,user_4
REC00446,2023-08-18,VND050,4937.44,USD,North,INV-86060,paid,2023-09-12,user_10
REC00447,2024-11-28,VND019,754.66,GBP,West,INV-14799,paid,2024-12-20,user_7
REC00448,2024-01-16,VND041,1088.04,GBP,East,INV-63899,overdue,2024-01-18,user_1
REC00449,2023-07-29,VND036,27339.57,INR,Central,INV-94630,pending,2023-08-11,user_2
REC00450,2024-12-02,VND047,1321.03,EUR,East,INV-69306,pending,2024-12-16,user_18
REC00451,2024-11-06,VND045,5962.94,,Central,INV-94334,pending,2024-11-20,user_2
REC00452,2023-12-31,VND032,180.04,USD,North,INV-15054,paid,2024-01-27,user_16
REC00000,2023-01-19,VND020,48702.05,USD,North,INV-57916,overdue,2023-01-24,user_19
REC00454,2024-03-11,VND032,7361.2,EUR,Central,INV-80254,overdue,2024-03-20,user_10
REC00455,2024-02-10,VND016,2267.09,USD,East,INV-67807,overdue,2024-02-16,user_7
REC00456,2023-04-19,VND018,7067.91,EUR,East,INV-89247,pending,2023-04-27,user_16
REC00457,2024-04-07,VND031,359.7,EUR,North,INV-51633,pending,2024-05-04,user_20
REC00458,2024-09-05,VND029,17567.33,GBP,South,INV-71433,overdue,2024-10-03,user_3
REC00459,2023-03-19,VND030,1833.57,GBP,Central,INV-47778,pending,2023-03-21,user_20
REC00460,2024-06-12,VND020,2194.91,INR,South,INV-88489,pending,2024-07-01,user_19
REC00461,2023-04-13,VND021,1425.84,GBP,East,INV-20750,paid,2023-04-20,user_3
REC00462,2024-06-30,VND001,1247.66,INR,South,INV-32870,pending,2024-07-06,user_2
REC00463,2023-11-02,VND031,8450.71,EUR,South,INV-18707,pending,2023-11-11,user_15
REC00464,2023-01-05,VND029,4375.87,USD,North,INV-73188,pending,2023-01-11,user_2
REC00465,2024-12-06,VND047,7923.77,EUR,Central,INV-30945,paid,2024-12-21,user_13
REC00466,2023-05-02,VND026,2941.89,EUR,Central,INV-38542,paid,2023-05-31,user_2
REC00467,2024-03-11,VND024,6436.88,GBP,North,INV-85296,overdue,2024-03-29,user_14
REC00468,2023-05-13,VND004,1590.38,USD,South,INV-42416,pending,2023-06-03,user_5
REC00469,2024-11-12,VND010,84507.69,GBP,East,INV-23124,pending,2024-11-27,user_2
REC00470,2024-06-22,VND017,283.75,USD,South,INV-11887,pending,2024-06-23,user_2
REC00471,2024-08-10,VND019,19759.82,INR,West,INV-30402,pending,2024-08-13,user_4
REC00472,2023-11-12,VND019,23198.92,USD,South,INV-92320,overdue,2023-11-20,user_11
REC00473,2023-12-08,VND020,830.28,EUR,North,INV-59374,paid,2023-12-16,user_2
REC00474,2024-04-08,VND039,84449.62,EUR,South,INV-99533,overdue,2024-05-03,user_17
REC00475,2024-07-26,VND007,13269.66,GBP,East,INV-29361,paid,2024-08-20,user_13
REC00476,2024-09-10,VND017,12793.7,INR,North,INV-41632,pending,2024-10-05,user_6
REC00477,2023-01-14,VND009,3108.93,USD,Central,INV-24688,pending,2023-02-02,user_20
REC00478,2024-04-29,VND016,-500.0,GBP,North,INV-45853,overdue,2024-05-16,user_14
REC00479,2023-03-21,VND035,2177.4,USD,North,INV-60697,paid,2023-04-09,user_14
REC00480,2023-07-30,VND003,5355.05,INR,East,INV-82730,pending,2023-08-11,user_4
REC00481,2024-08-28,VND017,24386.36,GBP,East,INV-43128,paid,2024-09-17,user_15
REC00482,2023-07-02,VND002,3912.65,USD,South,INV-79437,paid,2023-07-26,user_12
REC00483,2024-08-04,VND048,759.63,GBP,South,INV-66353,overdue,2024-08-27,user_20
REC00484,2023-12-04,VND037,10266.49,GBP,North,INV-36262,overdue,2023-12-22,user_10
REC00485,2023-06-19,VND013,11869.49,GBP,West,INV-92097,pending,2023-06-21,user_14
REC00486,2023-09-01,VND010,7958.45,EUR,South,INV-49081,pending,2023-09-23,user_7
REC00487,2024-01-23,VND005,9120.21,GBP,North,INV-23589,pending,2024-02-03,user_1
REC00488,2024-07-12,VND024,1985.46,GBP,South,INV-96641,paid,2024-08-03,user_3
REC00489,2024-03-18,VND038,739.9,USD,Central,INV-92208,pending,2024-04-03,user_18
REC00490,2024-11-12,VND030,-9999.0,INR,South,INV-14458,paid,2024-12-08,user_15
REC00491,2024-09-25,VND045,256.42,USD,Central,INV-91223,overdue,2024-10-05,user_8
REC00492,2024-07-03,VND018,4253.18,EUR,South,INV-95263,pending,2024-07-31,user_14
REC00493,2024-03-16,VND014,2630.23,EUR,North,INV-84617,paid,2024-04-10,user_1
REC00494,2023-07-31,VND024,1540.74,INR,South,INV-32949,pending,2023-08-10,user_1
REC00495,2023-10-29,VND011,50.0,EUR,South,INV-66815,overdue,2023-11-12,user_11
REC00496,2023-03-28,VND049,458.99,INR,North,INV-58441,paid,2023-04-13,user_13
REC00497,2023-10-01,VND010,16014.68,EUR,East,INV-65812,overdue,2023-10-24,user_19
REC00498,2024-11-07,VND024,1100.0,EUR,South,INV-65479,pending,2024-11-27,user_16
REC00499,2023-11-07,VND027,5119.89,EUR,West,INV-67528,pending,2023-12-02,user_6
REC00500,2023-03-25,VND003,370.17,USD,East,INV-56259,overdue,2023-04-05,user_17
REC00501,2024-04-20,VND024,25798.15,USD,East,INV-72143,pending,2024-05-05,user_10
REC00502,2024-12-03,VND023,2401.76,EUR,East,INV-57394,paid,2024-12-16,user_17
REC00503,2024-09-25,VND013,4605.75,EUR,North,INV-11483,overdue,2024-10-22,user_4
REC00504,2023-07-20,VND007,97603.6,GBP,West,INV-13175,paid,2023-07-29,user_1
REC00505,2023-11-28,VND003,28988.66,USD,North,INV-96227,pending,2023-12-16,user_2
REC00506,2024-01-23,VND001,1882.12,USD,West,INV-91831,overdue,2024-01-27,user_20
REC00507,2023-06-30,VND025,1224.36,USD,Central,INV-62703,pending,2023-07-25,user_2
REC00508,2023-07-16,VND005,1829.29,EUR,West,INV-25712,overdue,2023-07-28,user_19
REC00509,2023-06-22,VND048,6405.08,INR,East,INV-80331,pending,2023-07-02,user_15
REC00510,2024-12-27,VND013,2545.71,USD,South,INV-22895,paid,2025-01-13,user_3
REC00511,2024-06-28,VND033,1647.7,INR,Central,INV-43954,paid,2024-07-13,user_18
REC00512,2024-09-05,VND034,26923.96,EUR,South,INV-39687,pending,2024-09-30,user_3
REC00513,2024-08-19,VND025,2511.62,GBP,East,INV-11115,paid,2024-09-04,user_3
REC00514,2024-12-01,VND045,93843.49,GBP,West,INV-82630,pending,2024-12-16,user_12
REC00515,2023-03-18,VND006,3415.62,USD,Central,INV-55875,pending,2023-03-22,user_6
REC00516,2024-10-05,VND012,43389.71,INR,Central,INV-38462,overdue,2024-10-06,user_6
REC00517,2023-02-18,VND013,5094.82,INR,North,INV-55646,paid,2023-03-02,user_4
REC00518,2023-12-14,VND007,12637.71,INR,Central,INV-10000,overdue,2024-01-12,user_13
REC00519,2024-03-09,VND015,1005.34,GBP,North,INV-49328,pending,2024-04-05,user_1
REC00520,2024/02/27,VND016,828.29,GBP,East,INV-56761,pending,2023-10-08,user_5
REC00521,2023-04-17,VND039,5940.56,EUR,Central,INV-40574,pending,2023-05-06,user_12
REC00522,2023-05-21,VND016,13132.3,INR,West,INV-84733,paid,2023-06-02,user_10
REC00523,2024-08-25,VND044,3166.51,INR,Central,INV-32484,overdue,2024-08-31,user_14
REC00524,2023-08-21,VND039,432.86,GBP,South,INV-22404,paid,2023-08-22,user_5
REC00525,2023-08-15,VND046,387.46,USD,South,INV-57478,paid,2023-08-25,user_13
REC00526,2024-11-05,VND006,350.48,INR,South,INV-89854,overdue,2024-11-15,user_16
REC00527,2023-04-16,VND050,210.31,AUD,South,INV-43774,pending,2023-04-22,user_8
REC00528,2024-10-30,VND031,3513.01,USD,West,INV-14196,overdue,2024-11-07,user_6
REC00529,2024-11-03,VND050,16115.97,EUR,East,INV-97292,pending,2024-11-04,user_12
REC00530,2024-03-12,VND018,2921.57,GBP,West,INV-49986,paid,2024-03-30,user_12
REC00531,2023-05-01,VND048,100.42,USD,East,INV-25563,paid,2023-05-28,user_2
REC00532,2023-04-24,VND030,2239.17,EUR,South,INV-65404,pending,2023-05-15,user_12
REC00533,2023-07-27,VND004,2335.08,INR,North,INV-38769,paid,2023-08-09,user_4
REC00534,2024-02-26,VND021,69147.57,INR,East,INV-94400,overdue,2024-03-10,user_12
REC00535,2023-04-23,VND007,335.05,INR,Central,INV-36456,paid,2023-05-02,user_19
REC00536,2023-11-29,VND048,1659.02,GBP,Central,INV-59511,overdue,2023-12-04,user_11
REC00537,2023-03-26,VND016,38514.07,EUR,South,INV-58897,paid,2023-04-13,user_16
REC00538,2024-01-30,VND012,5854.51,GBP,East,INV-31819,paid,2024-02-16,user_7
REC00539,2023-01-16,VND028,6939.39,INR,West,INV-54934,paid,2023-01-17,user_19
REC00540,2024-06-01,VND022,3539.98,INR,West,INV-19816,paid,2024-06-14,user_17
REC00541,2023-02-10,VND005,4889.84,GBP,North,INV-67935,pending,2023-02-19,user_19
REC00542,2023-05-23,VND041,9570.25,INR,East,INV-78247,paid,2023-05-28,user_15
REC00543,2023-05-08,VND043,885.16,INR,North,INV-95499,pending,2023-05-29,user_13
REC00544,2024-08-29,VND038,11126.53,EUR,North,INV-39319,pending,2024-09-14,user_11
REC00545,2023-02-08,VND031,380.12,EUR,West,INV-35669,paid,2023-02-27,user_19
REC00546,2023-11-10,VND021,4878.3,INR,North,INV-59392,paid,2023-12-01,user_17
REC00547,2024-03-07,VND028,3897.58,USD,South,INV-72348,paid,2024-04-05,user_9
REC00548,2024-01-12,VND027,1182.71,EUR,East,INV-99320,paid,2024-02-05,user_2
REC00549,2024-05-11,VND009,2881.23,USD,West,INV-12253,paid,2024-05-29,user_1
REC00550,2024-08-09,VND005,1171.68,USD,East,INV-31447,paid,2024-09-04,user_5
REC00551,2023-10-15,VND013,597.32,INR,North,INV-33614,pending,2023-10-29,user_2
REC00552,2024-08-27,VND023,1753.87,USD,West,INV-32984,paid,2024-09-25,user_5
REC00553,2023-08-21,VND009,569.08,GBP,Central,INV-51734,paid,2023-09-13,user_3
REC00554,2024-12-19,VND006,4837.71,EUR,Central,INV-88561,pending,2025-01-07,user_20
REC00555,2024-01-04,VND043,531.06,GBP,West,INV-12789,pending,2024-01-31,user_2
REC00556,2024-06-21,VND019,8672.96,INR,East,INV-83424,paid,2024-07-06,user_13
REC00557,2024-09-30,VND030,506.63,INR,Central,INV-65589,paid,2024-10-21,user_8
REC00558,2024-08-01,VND027,1274.82,EUR,East,INV-65367,pending,2024-08-10,user_4
REC00559,2024-09-13,VND037,1168.05,INR,North,INV-71047,paid,2024-10-11,user_15
REC00560,2024-01-27,VND037,21757.64,EUR,Central,INV-20386,pending,2024-02-15,user_20
REC00561,2023-02-01,VND015,4892.38,GBP,South,INV-77205,overdue,2023-02-24,user_16
REC00562,2023-12-26,VND043,2169.82,USD,Central,INV-32331,pending,2024-01-09,user_20
REC00563,2023-05-13,VND019,6298.58,EUR,South,INV-56491,paid,2023-06-08,user_12
REC00564,2024-10-11,VND042,126.37,EUR,Central,INV-70918,overdue,2024-10-14,user_14
REC00565,2023-06-22,VND021,2794.2,INR,East,INV-64354,paid,2023-06-26,user_3
REC00566,2023-06-16,VND006,59651.3,GBP,East,INV-39080,paid,2023-07-01,user_18
REC00567,2023-07-02,VND039,3635.56,INR,South,INV-45645,paid,2023-07-24,user_15
REC00568,2024-04-14,VND002,3300.63,GBP,Central,INV-52885,overdue,2024-05-08,user_6
REC00569,2024-02-21,VND039,6783.12,EUR,North,INV-13712,overdue,2024-03-05,user_8
REC00570,2024-11-23,VND003,11423.27,INR,East,INV-75343,pending,2024-12-12,user_13
REC00571,2023-10-31,VND011,148.98,EUR,South,INV-18995,pending,2023-11-17,user_1
REC00572,2023-07-26,VND031,239.01,INR,East,INV-51272,pending,2023-08-23,user_17
REC00573,2023-02-05,VND048,4086.47,EUR,South,INV-68948,pending,2023-02-24,user_6
REC00574,2023-01-06,VND021,1020.13,GBP,West,INV-17235,pending,2023-01-19,user_2
REC00575,2023-09-30,VND007,21333.59,GBP,South,INV-99598,overdue,2023-10-29,user_7
REC00576,2024-11-06,VND012,1857.97,GBP,North,INV-43949,overdue,2024-11-10,user_17
REC00577,2024-01-18,VND045,163.73,USD,North,INV-11422,paid,2024-02-16,user_6
REC00578,2024-10-14,VND037,444.96,EUR,West,INV-69276,pending,2024-10-19,user_11
REC00579,2023-03-16,VND006,50.0,USD,South,INV-60181,overdue,2023-03-25,user_17
REC00580,2023-03-10,VND020,2098.15,GBP,South,INV-67629,pending,2023-04-03,user_1
REC00581,2024-08-31,VND014,2247.16,USD,West,INV-77590,paid,2024-09-22,user_16
REC00582,2023-03-19,VND009,1577.04,GBP,South,INV-52806,overdue,2023-04-17,user_6
REC00583,2023-02-07,VND043,15037.74,USD,South,INV-84408,pending,2023-03-01,user_14
REC00584,2023-10-22,VND031,17993.75,EUR,South,INV-43313,pending,2023-11-10,user_4
REC00585,2024-11-06,VND009,2308.65,INR,South,INV-59067,pending,2024-11-17,user_3
REC00586,2024-05-18,VND033,121.26,EUR,West,INV-24266,paid,2024-05-19,user_16
REC00587,2023-03-14,VND021,7524.52,INR,East,INV-65791,pending,2023-03-18,user_17
REC00588,2024-09-03,VND004,6857.1,INR,Central,INV-33543,pending,2024-09-12,user_20
REC00589,2024-09-07,VND023,4741.4,USD,West,INV-72704,overdue,2024-09-09,user_14
REC00590,2024-08-07,VND010,12993.7,USD,North,INV-82094,paid,2024-08-22,user_10
REC00591,2024-10-20,VND013,519.44,EUR,South,INV-87306,paid,2024-11-12,user_4
REC00592,2023-06-25,,60665.66,USD,South,INV-93616,pending,2023-07-23,user_6
REC00593,2024-12-16,VND036,706.88,INR,East,INV-21005,overdue,2024-12-31,user_13
REC00594,2023-08-23,VND007,9171.3,USD,South,INV-22419,pending,2023-09-18,user_7
REC00595,2024-08-08,VND043,237.22,USD,Central,INV-93355,pending,2024-09-06,user_10
REC00596,2024-02-27,VND029,738.49,EUR,South,INV-44274,overdue,2024-03-23,user_4
REC00597,2024-07-23,VND044,28985.56,EUR,East,INV-12341,pending,2024-08-06,user_9
REC00598,2024/04/03,VND038,2015.56,INR,North,INV-35828,paid,2024-04-13,user_5
REC00599,2024-04-14,VND017,10507.91,EUR,Central,INV-85257,overdue,2024-05-13,user_3
REC00600,2024-03-25,VND027,4253.23,EUR,Central,INV-41948,pending,2024-04-02,user_3
REC00601,2024-07-22,VND027,2546.72,GBP,West,INV-16906,paid,2024-08-03,user_11
REC00602,2024-06-23,VND036,23058.17,EUR,South,INV-74989,pending,2024-06-26,user_8
REC00603,2023-04-09,VND013,2090.19,GBP,North,INV-27516,overdue,2023-05-03,user_2
REC00604,2024-08-26,VND017,206.21,INR,West,INV-41751,pending,2024-09-14,user_11
REC00605,2024-01-27,VND013,893.49,EUR,East,INV-10350,pending,2024-01-30,user_4
REC00606,2023-08-24,VND015,6814.36,INR,Central,INV-64179,pending,2023-08-31,user_1
REC00607,2024-01-11,VND009,5395.19,INR,West,INV-50072,cancelled,2024-01-28,user_3
REC00608,2024-12-06,VND002,284.12,GBP,East,INV-88033,overdue,2024-12-22,user_9
REC00609,2024-09-18,VND048,1005.75,USD,Central,INV-40091,paid,2024-10-12,user_20
REC00610,2024-08-31,VND004,1245.66,EUR,Central,INV-28414,pending,2024-09-08,user_5
REC00611,2023-12-04,VND045,1722.95,EUR,East,INV-24939,pending,2023-12-31,user_6
REC00612,2024-07-26,VND001,378.47,,North,INV-28014,paid,2024-08-08,user_5
REC00613,2023-10-09,VND039,1161.47,INR,North,INV-50597,overdue,2023-11-02,user_8
REC00614,2024-05-15,VND017,999.33,INR,East,INV-17844,paid,2024-05-22,user_15
REC00615,2024-04-11,VND026,9483.42,INR,East,INV-46212,pending,2024-04-13,user_7
REC00616,2023-07-02,VND015,10033.47,GBP,North,INV-86920,paid,2023-07-04,user_14
REC00617,2023-07-14,VND025,2395.35,INR,North,INV-79088,paid,2023-07-25,user_18
REC00618,2023-02-14,VND023,1655.64,EUR,West,INV-67352,overdue,2023-03-14,user_19
REC00619,2023-04-13,VND027,3677.12,USD,West,INV-90380,paid,2023-04-15,user_12
REC00620,2023-11-13,VND020,-500.0,INR,North,INV-80218,paid,2023-11-24,user_15
REC00621,2023-12-15,VND027,533.66,USD,East,INV-68730,overdue,2023-12-19,user_19
REC00622,2023-05-01,VND042,727.54,INR,North,INV-87675,overdue,2023-05-29,user_16
REC00623,2023-11-01,VND022,1150.3,INR,West,INV-21196,paid,2023-11-21,user_6
REC00624,2024-03-17,VND019,520.5,INR,Central,INV-83642,paid,2024-04-09,user_3
REC00625,2023-06-19,VND007,3801.27,GBP,Central,INV-36584,overdue,2023-07-10,user_3
REC00626,2023-09-04,VND018,8906.83,EUR,East,INV-75974,overdue,2023-09-24,user_18
REC00627,2023-09-26,VND007,275.71,GBP,West,INV-92197,overdue,2023-10-19,user_12
REC00628,2024-01-04,VND010,3095.46,USD,Central,INV-54641,pending,2024-01-05,user_6
REC00629,2023-09-25,VND048,2143.29,INR,West,INV-17986,paid,2023-10-21,user_7
REC00630,2024-06-21,VND005,4975.41,EUR,East,INV-43320,overdue,2024-07-13,user_6
REC00631,2023-08-28,VND025,2923.66,GBP,West,INV-46616,paid,2023-09-19,user_17
REC00632,2023-11-13,VND042,336.84,EUR,East,INV-94305,paid,2023-11-25,user_13
REC00633,2023-10-05,VND048,448.73,INR,Central,INV-94824,overdue,2023-10-29,user_18
REC00634,2023-05-14,VND008,3115.47,USD,East,INV-61161,pending,2023-05-26,user_7
REC00635,2024-05-15,VND009,13949.12,GBP,Central,INV-95558,paid,2024-05-17,user_10
REC00636,2023-06-21,VND019,107.63,EUR,North,INV-49265,paid,2023-07-18,user_3
REC00637,2023-08-05,VND028,5006.99,GBP,North,INV-47007,pending,2023-08-12,user_20
REC00638,2024-08-01,VND048,17755.19,EUR,North,INV-85284,paid,2024-08-04,user_11
REC00639,2024-11-23,VND011,2369.56,INR,East,INV-70065,overdue,2024-12-12,user_12
REC00640,2024-05-04,VND009,6804.26,GBP,West,INV-57013,pending,2024-05-11,user_9
REC00641,2024-10-30,VND013,1038.36,GBP,South,INV-51106,pending,2024-11-24,user_6
REC00642,2024-09-15,VND044,2492.27,EUR,North,INV-73503,pending,2024-09-28,user_19
REC00643,2023-12-18,VND002,262.07,GBP,Central,INV-77810,pending,2023-12-19,user_10
REC00644,2024-07-16,VND020,-1.0,INR,West,INV-54152,pending,2024-08-13,user_14
REC00645,2023-08-28,VND006,12260.63,GBP,West,INV-12842,overdue,2023-09-12,user_1
REC00646,2023-12-03,VND008,680.28,INR,East,INV-19165,pending,2023-12-11,user_6
REC00647,2024-01-26,VND046,1505.24,GBP,East,INV-22973,pending,2024-02-15,user_17
REC00648,2024-12-02,,372.54,INR,North,INV-51587,pending,2024-12-18,user_2
REC00649,2024-09-11,VND017,359.62,EUR,North,INV-65277,paid,2024-09-12,user_3
