transaction_id,date,amount,type,hour,frequency_per_day,is_fraud
TXN001860,2024-06-04,1953.7,international,4,14,1
TXN000353,2024-06-07,36.16,POS,16,5,0
TXN001333,2024-10-21,63.49,POS,21,3,0
TXN000905,2024-09-15,31.08,POS,19,3,0
TXN001289,2024-08-14,8.48,online,2,4,0
TXN001273,2024-09-03,909.28,online,18,4,0
TXN000938,2024-06-17,57.82,ATM,0,2,0
TXN001731,2024-11-25,31.44,POS,9,2,0
TXN000065,2024-04-28,54.49,ATM,12,3,0
TXN001323,2024-11-19,55.22,POS,8,4,0
TXN000056,2024-07-18,5.0,ATM,9,4,0
TXN001292,2024-06-10,55.55,ATM,15,1,0
TXN001118,2024-09-20,322.85,POS,13,2,0
TXN000584,2024-05-27,12.72,online,14,5,0
TXN000374,2024-11-19,105.86,ATM,1,1,0
TXN000275,2024-06-25,36.17,online,16,2,0
TXN000746,2024-07-13,44.53,ATM,8,4,0
TXN000128,2024-07-28,74.89,POS,14,4,0
TXN001646,2024-05-05,102.64,international,13,1,0
TXN001852,2024-07-28,10474.63,international,2,20,1
TXN000674,2024-08-14,64.2,ATM,10,1,0
TXN001664,2024-07-10,126.41,online,14,5,0
TXN001981,2024-09-28,479.66,international,1,15,1
TXN001083,2024-07-21,8.22,POS,19,2,0
TXN001922,2024-09-05,739.4,ATM,3,21,1
TXN000099,2024-02-21,328.45,online,19,1,0
TXN001179,2024-01-10,7.56,online,13,4,0
TXN000964,2024-12-12,155.05,ATM,3,5,0
TXN000792,2024-09-20,103.57,POS,11,4,0
TXN000029,2024-06-10,61.51,POS,23,2,0
TXN000628,2024-07-03,5.0,online,11,1,0
TXN000944,2024-02-17,42.15,online,12,5,0
TXN000572,2024-04-13,56.84,POS,0,4,0
TXN000907,2024-03-04,52.47,international,5,2,0
TXN001080,2024-12-01,297.85,online,21,5,0
TXN000450,2024-12-16,32.24,POS,12,4,0
TXN001609,2024-02-15,149.71,online,12,2,0
TXN001290,2024-03-26,20.04,online,9,2,0
TXN001078,2024-06-01,40.18,ATM,18,1,0
TXN000254,2024-08-29,37.18,online,9,4,0
TXN000124,2024-11-08,41.52,POS,15,4,0
TXN001927,2024-10-12,5372.85,international,1,19,1
TXN000251,2024-06-29,55.4,ATM,18,4,0
TXN000585,2024-12-03,36.94,online,7,1,0
TXN001568,2024-11-27,14.69,online,8,5,0
TXN000824,2024-08-15,32.19,online,23,1,0
TXN000507,2024-03-31,178.13,ATM,7,3,0
TXN000889,2024-04-08,5.0,POS,13,5,0
TXN000070,2024-10-17,48.92,online,10,2,0
TXN001608,2024-03-27,70.03,online,16,1,0
TXN001532,2024-12-06,169.66,online,9,3,0
TXN000247,2024-05-31,304.54,ATM,8,2,0
TXN001450,2024-04-17,45.21,online,22,5,0
TXN000212,2024-10-14,110.03,online,9,3,0
TXN000909,2024-02-03,40.27,POS,20,5,0
TXN001741,2024-09-28,170.75,international,17,1,0
TXN001244,2024-11-15,127.27,POS,3,5,0
TXN001696,2024-06-20,101.92,ATM,19,4,0
TXN001182,2024-09-09,15.09,ATM,13,4,0
TXN000361,2024-11-21,26.43,online,13,2,0
TXN001473,2024-03-16,167.23,online,13,2,0
TXN000678,2024-07-09,43.82,ATM,8,2,0
TXN001621,2024-01-02,61.79,online,8,1,0
TXN001089,2024-02-21,56.32,POS,15,2,0
TXN001987,2024-08-29,906.85,international,0,19,1
TXN001847,2024-07-16,23.27,online,14,3,0
TXN000987,2024-04-25,112.71,online,17,5,0
TXN001512,2024-09-28,10.51,POS,12,3,0
TXN000111,2024-10-11,54.76,online,15,3,0
TXN001487,2024-01-01,41.53,online,5,4,0
TXN001453,2024-03-30,45.77,international,11,2,0
TXN000383,2024-03-28,29.97,online,18,2,0
TXN001395,2024-08-03,144.17,online,12,1,0
TXN001054,2024-01-28,22.0,online,14,2,0
TXN000755,2024-06-08,45.67,POS,9,2,0
TXN000324,2024-12-21,5.76,POS,19,5,0
TXN001623,2024-01-07,55.2,online,16,5,0
TXN000787,2024-09-07,12.17,POS,17,4,0
TXN000368,2024-01-09,60.18,international,14,3,0
TXN001819,2024-04-17,50.66,online,6,4,0
TXN000069,2024-06-20,20.04,online,3,4,0
TXN000857,2024-01-21,25.17,POS,12,4,0
TXN001483,2024-02-10,90.42,international,8,5,0
TXN001555,2024-02-29,117.8,online,1,1,0
TXN001691,2024-11-20,86.51,ATM,21,1,0
TXN001474,2024-12-22,37.05,POS,6,3,0
TXN001798,2024-06-23,19.45,POS,9,2,0
TXN000478,2024-08-30,125.1,online,12,5,0
TXN000281,2024-06-26,50.16,online,11,1,0
TXN001647,2024-08-30,88.26,POS,13,2,0
TXN001556,2024-11-23,123.85,ATM,16,4,0
TXN001729,2024-02-08,254.01,ATM,8,5,0
TXN000210,2024-04-05,91.8,POS,6,3,0
TXN000297,2024-06-09,252.59,international,9,3,0
TXN001884,2024-05-14,2300.42,international,3,22,1
TXN001833,2024-01-27,22.09,online,1,1,0
TXN000651,2024-08-26,213.55,POS,23,3,0
TXN001233,2024-09-30,495.97,online,18,1,0
TXN001502,2024-03-24,17.12,online,2,2,0
TXN001931,2024-03-05,11574.41,online,2,21,1
TXN000916,2024-07-17,142.7,ATM,1,3,0
TXN000993,2024-06-06,18.85,ATM,12,5,0
TXN000429,2024-09-18,53.4,online,20,3,0
TXN001370,2024-11-17,44.93,ATM,18,2,0
TXN000239,2024-08-16,27.5,POS,15,1,0
TXN000879,2024-08-17,14.95,online,17,2,0
TXN000620,2024-06-07,7.41,ATM,16,2,0
TXN000256,2024-09-04,152.96,ATM,12,4,0
TXN000611,2024-06-17,44.18,ATM,10,1,0
TXN000544,2024-10-30,5.0,online,13,1,0
TXN000771,2024-12-26,179.72,POS,21,4,0
TXN001419,2024-06-22,214.6,online,17,5,0
TXN001041,2024-11-08,14.15,POS,7,3,0
TXN001789,2024-10-02,147.77,online,9,4,0
TXN000759,2024-09-23,93.34,international,16,5,0
TXN000382,2024-12-11,55.89,POS,8,4,0
TXN001103,2024-02-24,73.98,ATM,9,5,0
TXN000973,2024-06-22,44.3,POS,3,2,0
TXN000352,2024-04-19,58.44,online,15,1,0
TXN001605,2024-11-20,31.56,online,18,4,0
TXN001825,2024-11-25,154.37,online,16,5,0
TXN001036,2024-11-25,113.57,ATM,6,5,0
TXN001107,2024-11-27,34.75,POS,16,3,0
TXN000494,2024-04-15,18.42,online,9,1,0
TXN000393,2024-08-06,14.49,online,8,4,0
TXN001546,2024-09-07,47.96,online,13,3,0
TXN000464,2024-01-03,32.88,online,13,5,0
TXN000886,2024-01-20,235.65,ATM,13,5,0
TXN001193,2024-09-13,49.64,online,5,2,0
TXN000366,2024-06-20,33.71,POS,17,2,0
TXN001893,2024-04-24,7963.11,ATM,22,19,1
TXN001873,2024-10-25,1925.3,international,23,10,1
TXN000744,2024-10-17,144.58,POS,2,5,0
TXN000529,2024-12-02,80.68,online,3,2,0
TXN000802,2024-07-07,82.29,online,15,2,0
TXN001223,2024-08-26,58.13,ATM,16,2,0
TXN001978,2024-01-06,7046.76,international,23,20,1
TXN001905,2024-10-21,756.7,international,4,14,1
TXN001699,2024-12-16,87.34,online,9,3,0
TXN001544,2024-03-25,71.98,POS,23,2,0
TXN001313,2024-11-07,34.6,online,14,3,0
TXN000306,2024-04-20,18.95,online,8,3,0
TXN001666,2024-10-01,242.29,online,11,1,0
TXN000862,2024-02-13,102.39,online,8,1,0
TXN001566,2024-12-19,8.03,online,9,2,0
TXN000530,2024-08-06,221.67,online,18,1,0
TXN000654,2024-07-20,24.45,POS,10,1,0
TXN001259,2024-10-19,23.41,online,9,2,0
TXN000233,2024-10-03,320.97,online,11,2,0
TXN000120,2024-06-09,10.43,ATM,4,5,0
TXN001697,2024-02-24,23.73,ATM,16,3,0
TXN000949,2024-04-11,131.49,ATM,13,4,0
TXN000617,2024-04-07,58.43,POS,17,1,0
TXN001178,2024-04-04,13.37,online,15,5,0
TXN000307,2024-07-21,14.55,POS,12,4,0
TXN000135,2024-04-20,54.35,international,12,4,0
TXN000554,2024-12-25,248.75,POS,4,3,0
TXN001673,2024-10-03,66.78,POS,11,2,0
TXN000583,2024-01-19,444.08,ATM,12,4,0
TXN001640,2024-09-20,63.15,ATM,17,3,0
TXN000670,2024-12-13,17.34,ATM,8,4,0
TXN000834,2024-11-07,32.16,ATM,16,3,0
TXN000109,2024-09-14,36.07,ATM,12,2,0
TXN001164,2024-07-07,8.93,online,11,2,0
TXN001959,2024-04-17,6360.85,international,0,11,1
TXN001464,2024-11-06,75.49,POS,0,3,0
TXN001728,2024-06-11,27.57,ATM,16,5,0
TXN001242,2024-12-17,38.42,online,17,5,0
TXN000211,2024-09-18,18.22,POS,10,4,0
TXN001767,2024-06-19,19.92,online,15,1,0
TXN001120,2024-01-06,54.04,ATM,2,1,0
TXN000679,2024-12-07,76.82,POS,11,4,0
TXN001950,2024-07-11,2338.29,online,2,21,1
TXN001838,2024-03-22,14.85,online,8,1,0
TXN000411,2024-03-24,42.47,online,14,1,0
TXN001324,2024-11-12,49.5,POS,15,4,0
TXN000782,2024-02-14,10.86,ATM,8,5,0
TXN001345,2024-12-30,22.14,online,12,5,0
TXN000874,2024-09-11,126.74,online,17,3,0
TXN001652,2024-01-19,33.54,ATM,18,1,0
TXN001278,2024-01-03,18.59,online,9,4,0
TXN000785,2024-08-02,26.42,POS,7,1,0
TXN001818,2024-02-19,110.67,POS,14,4,0
TXN001198,2024-10-20,102.45,online,9,4,0
TXN000807,2024-02-10,17.67,ATM,6,5,0
TXN000712,2024-09-22,212.33,online,17,5,0
TXN001990,2024-01-28,2754.79,international,0,12,1
TXN001659,2024-04-02,35.39,online,15,2,0
TXN001190,2024-05-31,63.97,online,18,5,0
TXN001225,2024-12-19,67.7,ATM,10,4,0
TXN000602,2024-09-26,18.1,online,12,4,0
TXN000270,2024-04-17,12.09,POS,10,4,0
TXN001384,2024-05-21,360.03,ATM,12,3,0
TXN000231,2024-11-08,45.41,ATM,6,5,0
TXN000049,2024-10-11,89.19,POS,7,1,0
TXN000462,2024-09-30,87.02,POS,16,1,0
TXN001105,2024-03-07,32.11,ATM,4,1,0
TXN000855,2024-11-06,33.39,online,5,3,0
TXN000693,2024-12-11,5.24,online,15,2,0
TXN001551,2024-11-07,123.88,international,11,4,0
TXN001872,2024-09-24,1428.02,international,2,19,1
TXN000526,2024-12-03,56.15,online,11,3,0
TXN000173,2024-09-20,18.69,POS,17,4,0
TXN000720,2024-02-20,59.06,ATM,15,2,0
TXN000414,2024-01-07,187.34,online,13,5,0
TXN000237,2024-06-06,22.33,POS,12,3,0
TXN001472,2024-06-12,239.87,POS,0,1,0
TXN001335,2024-12-30,485.83,online,6,4,0
TXN001063,2024-09-14,135.38,ATM,5,1,0
TXN000023,2024-12-04,229.59,POS,4,4,0
TXN001766,2024-07-03,85.61,POS,13,3,0
TXN000063,2024-12-19,33.65,POS,13,1,0
TXN000289,2024-06-21,24.53,ATM,13,2,0
TXN000188,2024-03-28,46.93,ATM,12,1,0
TXN000701,2024-08-12,79.68,ATM,14,2,0
TXN001814,2024-11-18,5.0,ATM,18,4,0
TXN001137,2024-05-13,202.0,online,7,3,0
TXN000354,2024-12-19,8.96,online,11,3,0
TXN000416,2024-12-19,38.57,POS,10,1,0
TXN001245,2024-12-25,75.12,POS,17,3,0
TXN000930,2024-07-15,104.02,international,21,4,0
TXN000196,2024-05-05,41.4,ATM,16,2,0
TXN000579,2024-02-07,53.87,online,16,4,0
TXN001134,2024-08-12,5.0,online,12,4,0
TXN001813,2024-06-29,81.48,ATM,21,4,0
TXN001934,2024-05-12,52331.56,international,0,9,1
TXN000433,2024-02-17,73.18,online,20,2,0
TXN000100,2024-10-30,203.33,ATM,13,1,0
TXN001654,2024-02-27,411.84,POS,16,3,0
TXN000394,2024-09-19,53.34,POS,22,3,0
TXN001938,2024-05-17,200.0,international,4,12,1
TXN000220,2024-02-16,42.93,online,13,4,0
TXN001675,2024-12-24,8.94,ATM,12,5,0
TXN001497,2024-10-11,7.68,international,11,4,0
TXN001784,2024-09-22,90.8,POS,14,4,0
TXN000344,2024-11-26,96.6,online,14,5,0
TXN001027,2024-04-12,18.29,ATM,8,1,0
TXN000888,2024-01-06,60.07,ATM,14,5,0
TXN001350,2024-01-23,140.13,online,13,3,0
TXN000552,2024-10-29,72.97,ATM,20,1,0
TXN000743,2024-04-08,9.34,online,15,1,0
TXN001541,2024-03-29,42.84,POS,17,4,0
TXN000538,2024-07-16,21.56,online,15,1,0
TXN000906,2024-05-30,35.06,POS,11,1,0
TXN001394,2024-03-19,532.42,online,13,5,0
TXN000115,2024-07-26,116.31,international,15,1,0
TXN000829,2024-01-11,28.14,ATM,18,3,0
TXN001937,2024-06-17,898.69,international,3,11,1
TXN000808,2024-05-22,33.33,POS,16,4,0
TXN001310,2024-07-10,99.96,online,9,5,0
TXN001004,2024-02-16,85.89,POS,16,1,0
TXN000305,2024-02-21,241.03,online,8,5,0
TXN001100,2024-06-24,143.33,POS,14,1,0
TXN000479,2024-02-09,81.85,online,18,1,0
TXN001423,2024-09-03,40.92,ATM,3,4,0
TXN001075,2024-02-29,35.5,POS,9,1,0
TXN000570,2024-12-12,86.46,ATM,12,2,0
TXN000618,2024-01-23,94.46,ATM,18,4,0
TXN001897,2024-08-08,3150.89,international,23,11,1
TXN001265,2024-01-14,107.5,online,12,2,0
TXN000078,2024-07-25,49.1,online,9,4,0
TXN001911,2024-06-24,698.08,international,22,14,1
TXN000032,2024-02-03,358.59,online,12,2,0
TXN001537,2024-02-10,11.92,ATM,8,2,0
TXN001033,2024-04-24,30.47,POS,16,5,0
TXN001562,2024-03-31,59.72,ATM,15,2,0
TXN000351,2024-01-17,155.22,online,17,4,0
TXN000163,2024-05-28,63.42,ATM,13,1,0
TXN000203,2024-09-12,264.86,online,1,5,0
TXN001053,2024-12-15,25.73,POS,3,2,0
TXN001364,2024-07-21,69.87,ATM,21,4,0
TXN001966,2024-06-20,6598.53,international,22,24,1
TXN000495,2024-05-30,76.43,POS,15,4,0
TXN001624,2024-07-20,229.52,online,3,1,0
TXN001965,2024-01-08,200.0,online,22,18,1
TXN001962,2024-05-24,10232.97,international,23,8,1
TXN000610,2024-10-31,75.97,online,2,4,0
TXN000432,2024-10-28,143.66,online,11,1,0
TXN001491,2024-06-27,108.21,ATM,17,3,0
TXN000218,2024-06-12,41.61,ATM,14,1,0
TXN001930,2024-05-03,2255.16,international,23,22,1
TXN001465,2024-02-10,182.96,international,3,4,0
TXN000630,2024-09-25,45.22,ATM,6,2,0
TXN001381,2024-04-13,61.98,online,19,5,0
TXN001301,2024-05-26,64.91,POS,13,4,0
TXN000059,2024-09-06,88.02,ATM,14,3,0
TXN000298,2024-04-13,149.53,POS,22,2,0
TXN001710,2024-05-05,67.0,online,11,3,0
TXN000073,2024-02-17,42.27,ATM,14,2,0
TXN000162,2024-05-29,237.94,online,13,3,0
TXN001274,2024-10-05,9.88,ATM,2,2,0
TXN001593,2024-01-07,60.77,online,14,4,0
TXN001433,2024-07-24,5.93,ATM,10,1,0
TXN001612,2024-09-01,136.92,online,17,3,0
TXN000591,2024-11-25,118.82,online,13,3,0
TXN000316,2024-09-23,73.52,online,4,5,0
TXN000045,2024-12-20,139.81,online,22,1,0
TXN001719,2024-07-07,29.87,POS,10,1,0
TXN001831,2024-12-13,30.41,online,9,1,0
TXN000427,2024-10-20,25.52,ATM,11,4,0
TXN000581,2024-10-31,45.12,ATM,8,3,0
TXN000076,2024-04-30,56.52,online,19,4,0
TXN001916,2024-08-03,4169.69,international,23,21,1
TXN001414,2024-08-01,55.33,POS,7,5,0
TXN000780,2024-11-16,85.63,POS,5,1,0
TXN001919,2024-12-13,1621.67,online,1,23,1
TXN001173,2024-03-05,143.24,ATM,13,3,0
TXN001319,2024-05-24,198.68,international,22,5,0
TXN000937,2024-02-24,115.27,POS,14,5,0
TXN000030,2024-06-13,30.83,ATM,10,1,0
TXN001091,2024-06-12,24.88,online,8,5,0
TXN001615,2024-03-04,135.0,online,12,3,0
TXN001229,2024-04-15,24.31,online,13,4,0
TXN000974,2024-02-23,107.61,international,10,4,0
TXN001084,2024-03-14,67.85,online,11,2,0
TXN000514,2024-12-16,104.77,online,10,3,0
TXN001550,2024-04-12,114.4,POS,15,1,0
TXN001567,2024-08-08,15.5,ATM,14,3,0
TXN001810,2024-03-30,178.78,online,18,5,0
TXN001573,2024-10-23,35.15,POS,12,2,0
TXN000044,2024-01-25,50.01,online,17,2,0
TXN001686,2024-06-05,215.37,POS,18,3,0
TXN000168,2024-05-02,233.7,POS,16,2,0
TXN000303,2024-11-23,15.99,online,11,3,0
TXN000990,2024-05-05,60.43,POS,9,2,0
TXN000555,2024-07-03,40.18,online,12,4,0
TXN001924,2024-01-04,361.11,international,4,13,1
TXN000607,2024-07-06,30.99,ATM,8,3,0
TXN001618,2024-02-14,300.9,online,1,2,0
TXN000757,2024-05-19,32.9,POS,10,5,0
TXN000438,2024-01-30,18.64,online,11,2,0
TXN000582,2024-02-08,46.4,POS,6,3,0
TXN001518,2024-06-29,263.93,online,12,4,0
TXN000527,2024-02-22,43.94,online,0,5,0
TXN000342,2024-08-14,24.72,POS,12,2,0
TXN001736,2024-07-02,52.33,online,14,1,0
TXN000367,2024-04-25,148.31,POS,18,3,0
TXN000185,2024-06-11,30.37,POS,18,2,0
TXN001116,2024-12-29,102.07,POS,18,1,0
TXN001754,2024-08-16,32.67,POS,9,4,0
TXN001425,2024-10-24,509.99,international,8,4,0
TXN000300,2024-05-12,115.6,POS,9,5,0
TXN001903,2024-09-23,631.85,international,4,16,1
TXN000832,2024-06-14,60.2,online,8,1,0
TXN000543,2024-03-04,35.16,POS,16,2,0
TXN001600,2024-04-20,25.48,ATM,19,5,0
TXN000350,2024-07-13,32.11,online,12,3,0
TXN001932,2024-12-26,305.64,international,3,24,1
TXN001510,2024-05-01,27.18,ATM,15,4,0
TXN000978,2024-05-08,31.13,online,4,4,0
TXN000175,2024-06-17,231.63,ATM,14,3,0
TXN000482,2024-04-01,78.61,ATM,2,2,0
TXN001412,2024-04-01,33.34,online,9,5,0
TXN001610,2024-10-10,88.63,POS,17,2,0
TXN000123,2024-06-20,57.52,online,9,3,0
TXN000599,2024-08-22,29.3,POS,16,5,0
TXN001794,2024-06-23,42.96,online,16,1,0
TXN001745,2024-12-23,106.09,online,8,5,0
TXN001378,2024-07-02,18.35,ATM,1,2,0
TXN001185,2024-04-22,6.32,international,11,2,0
TXN000485,2024-03-25,73.06,online,14,3,0
TXN000331,2024-05-15,22.18,POS,15,2,0
TXN000788,2024-07-17,19.58,online,16,3,0
TXN000194,2024-12-16,11.66,online,17,5,0
TXN000637,2024-04-18,95.14,online,18,1,0
TXN000471,2024-10-20,37.35,ATM,12,3,0
TXN001713,2024-09-24,20.23,POS,13,4,0
TXN000322,2024-08-12,13.76,online,8,4,0
TXN001196,2024-09-17,87.17,online,18,5,0
TXN000266,2024-06-12,13.23,international,8,2,0
TXN001543,2024-07-26,20.43,ATM,12,2,0
TXN001803,2024-04-04,89.59,online,13,5,0
TXN000067,2024-05-15,275.03,online,9,3,0
TXN001737,2024-02-06,59.75,international,10,5,0
TXN001592,2024-05-19,48.7,POS,21,4,0
TXN001563,2024-12-01,147.81,online,8,4,0
TXN000480,2024-04-15,10.97,ATM,13,2,0
TXN001756,2024-05-07,597.45,online,16,2,0
TXN001912,2024-03-04,1987.65,international,2,15,1
TXN001440,2024-10-11,52.79,online,11,4,0
TXN001460,2024-10-15,66.52,ATM,16,3,0
TXN000887,2024-03-11,122.63,online,14,4,0
TXN000422,2024-10-06,342.48,online,8,4,0
TXN001674,2024-09-18,84.73,international,9,4,0
TXN001449,2024-02-07,7.0,POS,12,5,0
TXN000764,2024-05-11,9.4,online,11,4,0
TXN000519,2024-08-04,11.38,ATM,8,2,0
TXN001431,2024-03-08,5.04,online,13,2,0
TXN000613,2024-05-20,6.64,online,19,2,0
TXN001530,2024-02-02,35.31,online,16,2,0
TXN001782,2024-01-09,78.69,POS,10,3,0
TXN001658,2024-11-02,49.0,international,8,3,0
TXN000453,2024-01-10,75.7,ATM,13,3,0
TXN000730,2024-09-23,176.89,POS,17,3,0
TXN000534,2024-07-29,137.16,ATM,14,5,0
TXN000965,2024-08-02,80.91,POS,12,1,0
TXN001284,2024-05-19,90.72,online,17,2,0
TXN001739,2024-03-15,51.64,online,14,3,0
TXN000261,2024-03-03,109.71,ATM,16,2,0
TXN000535,2024-02-26,105.07,online,14,3,0
TXN000968,2024-12-01,18.46,POS,14,3,0
TXN000240,2024-02-21,217.39,international,12,2,0
TXN000819,2024-12-30,103.65,POS,15,4,0
TXN000692,2024-12-05,10.8,POS,16,5,0
TXN000420,2024-12-04,81.77,POS,9,2,0
TXN001085,2024-11-02,263.77,online,16,2,0
TXN001998,2024-12-25,2161.92,international,3,14,1
TXN000365,2024-07-08,310.95,international,19,5,0
TXN001022,2024-11-13,5.0,online,14,3,0
TXN001240,2024-07-04,75.5,online,17,5,0
TXN000588,2024-11-01,95.9,online,9,5,0
TXN000736,2024-09-23,160.43,ATM,11,1,0
TXN001761,2024-05-29,53.48,POS,12,4,0
TXN000941,2024-05-27,97.38,online,19,1,0
TXN000071,2024-03-10,52.69,online,17,5,0
TXN001407,2024-11-15,33.44,ATM,8,1,0
TXN000259,2024-08-02,71.71,online,10,4,0
TXN000051,2024-03-12,72.92,POS,4,2,0
TXN000198,2024-05-03,55.06,POS,7,5,0
TXN001788,2024-06-21,43.75,online,17,1,0
TXN000650,2024-06-27,49.16,POS,15,4,0
TXN000332,2024-04-23,92.2,online,8,2,0
TXN001359,2024-05-13,107.25,ATM,6,1,0
TXN000593,2024-12-23,131.38,POS,5,4,0
TXN001391,2024-07-12,86.36,online,11,2,0
TXN001800,2024-01-21,37.87,online,16,5,0
TXN001314,2024-11-25,84.58,ATM,17,1,0
TXN001111,2024-03-25,13.4,ATM,11,1,0
TXN001006,2024-11-06,18.62,online,0,2,0
TXN001326,2024-09-04,12.36,ATM,13,3,0
TXN000426,2024-11-11,179.54,online,14,3,0
TXN001558,2024-12-29,36.48,international,14,1,0
TXN001293,2024-01-02,48.34,POS,11,4,0
TXN000590,2024-10-19,75.94,POS,15,3,0
TXN001957,2024-10-07,1215.56,international,4,13,1
TXN001976,2024-02-02,2329.32,ATM,23,10,1
TXN001132,2024-10-16,12.53,ATM,17,4,0
TXN000985,2024-08-26,227.09,online,11,2,0
TXN000398,2024-04-12,35.2,ATM,6,2,0
TXN001511,2024-03-24,22.97,POS,14,5,0
TXN000436,2024-07-26,114.67,ATM,16,1,0
TXN000192,2024-08-09,36.29,online,15,5,0
TXN001435,2024-02-07,64.68,POS,3,3,0
TXN000614,2024-09-07,52.29,POS,12,1,0
TXN001493,2024-05-01,10.93,ATM,19,3,0
TXN000576,2024-12-03,9.32,POS,19,4,0
TXN000986,2024-08-13,10.74,online,17,5,0
TXN001432,2024-03-03,91.53,POS,9,3,0
TXN000706,2024-01-03,18.77,POS,4,3,0
TXN001258,2024-07-16,113.46,ATM,9,1,0
TXN000141,2024-03-19,32.2,online,8,4,0
TXN001357,2024-02-19,19.36,POS,0,2,0
TXN000002,2024-08-26,155.92,POS,6,5,0
TXN001221,2024-07-20,89.07,POS,14,5,0
TXN001869,2024-11-30,523.44,POS,3,23,1
TXN001622,2024-12-03,30.37,online,15,5,0
TXN000339,2024-12-13,16.71,POS,14,4,0
TXN001769,2024-03-12,38.58,POS,4,2,0
TXN001536,2024-02-26,337.67,online,7,5,0
TXN000483,2024-10-17,95.21,online,9,4,0
TXN000265,2024-07-31,5.0,online,11,4,0
TXN000376,2024-09-25,98.85,online,18,5,0
TXN000741,2024-10-05,72.46,ATM,10,3,0
TXN001013,2024-04-24,56.39,POS,15,5,0
TXN000439,2024-05-25,131.18,online,23,3,0
TXN000271,2024-01-09,20.39,online,9,1,0
TXN000184,2024-06-29,906.16,ATM,8,5,0
TXN000939,2024-07-04,17.86,online,14,3,0
TXN000244,2024-08-17,56.67,online,17,3,0
TXN000931,2024-09-12,22.65,online,14,4,0
TXN000445,2024-08-29,821.18,international,14,2,0
TXN000596,2024-07-30,65.28,POS,3,5,0
TXN000817,2024-02-08,30.54,ATM,20,4,0
TXN001272,2024-12-06,190.04,ATM,17,2,0
TXN001676,2024-02-24,87.3,ATM,21,2,0
TXN000486,2024-05-01,238.32,POS,14,4,0
TXN000680,2024-09-21,53.9,POS,17,4,0
TXN000415,2024-09-04,5.0,online,10,2,0
TXN000273,2024-12-15,637.42,ATM,16,5,0
TXN001471,2024-09-11,686.7,ATM,9,3,0
TXN001829,2024-12-24,9.63,ATM,22,1,0
TXN001454,2024-07-27,27.34,online,14,4,0
TXN000250,2024-03-06,31.72,ATM,14,4,0
TXN000413,2024-02-18,20.16,online,9,5,0
TXN001385,2024-03-26,31.61,online,12,5,0
TXN001307,2024-03-27,31.83,POS,13,1,0
TXN000715,2024-10-18,43.92,ATM,8,1,0
TXN000310,2024-08-31,49.28,ATM,0,3,0
TXN000926,2024-07-16,42.06,POS,11,3,0
TXN000381,2024-12-07,29.27,POS,18,2,0
TXN001565,2024-06-14,8.65,online,12,1,0
TXN000425,2024-03-13,12.37,ATM,8,5,0
TXN001874,2024-11-07,3524.48,international,4,23,1
TXN000532,2024-02-26,21.95,POS,13,1,0
TXN000752,2024-02-01,57.6,POS,8,5,0
TXN000765,2024-10-11,115.79,POS,11,2,0
TXN001356,2024-05-05,175.16,online,16,2,0
TXN000408,2024-12-07,6.79,ATM,8,3,0
TXN001614,2024-01-22,78.16,ATM,1,1,0
TXN000694,2024-02-02,140.16,POS,8,3,0
TXN001738,2024-01-02,20.36,ATM,7,2,0
TXN000548,2024-07-07,78.3,online,12,3,0
TXN000936,2024-02-27,43.53,online,17,5,0
TXN001389,2024-11-27,164.83,online,13,4,0
TXN001607,2024-08-04,94.92,POS,3,1,0
TXN001939,2024-05-21,2414.16,international,22,11,1
TXN001481,2024-01-01,38.29,POS,21,5,0
TXN000182,2024-06-30,68.5,ATM,0,4,0
TXN001940,2024-06-12,4777.83,international,1,20,1
TXN001160,2024-07-31,950.93,online,17,4,0
TXN000170,2024-02-08,169.4,POS,11,4,0
TXN000292,2024-12-14,13.79,online,17,3,0
TXN000561,2024-01-16,236.79,POS,11,3,0
TXN001456,2024-12-25,115.52,POS,11,4,0
TXN001876,2024-09-24,8468.59,international,4,21,1
TXN001651,2024-01-07,52.17,online,15,2,0
TXN000849,2024-08-09,90.61,online,18,5,0
TXN000272,2024-02-25,23.08,ATM,12,4,0
TXN001549,2024-01-02,20.66,POS,8,4,0
TXN001034,2024-01-25,19.74,online,18,5,0
TXN001743,2024-01-09,39.28,POS,13,1,0
TXN000371,2024-08-29,51.96,POS,12,3,0
TXN001669,2024-09-21,206.06,ATM,14,5,0
TXN000721,2024-12-05,27.71,online,9,2,0
TXN000733,2024-10-09,5.24,online,12,3,0
TXN000777,2024-02-13,49.93,ATM,15,2,0
TXN000518,2024-06-22,507.62,POS,2,4,0
TXN000334,2024-06-16,30.67,online,5,4,0
TXN000845,2024-01-02,24.05,online,8,5,0
TXN001251,2024-05-30,26.59,online,15,3,0
TXN001052,2024-07-02,9.0,ATM,17,4,0
TXN001923,2024-03-18,2859.37,international,4,23,1
TXN000015,2024-10-13,58.55,online,8,1,0
TXN000707,2024-07-27,51.68,international,8,2,0
TXN000900,2024-01-02,40.42,online,18,1,0
TXN001979,2024-11-24,1824.91,international,0,23,1
TXN001572,2024-09-24,25.18,online,10,2,0
TXN000903,2024-11-18,39.36,ATM,15,2,0
TXN000465,2024-12-18,36.22,international,14,3,0
TXN001977,2024-02-09,8078.1,international,0,12,1
TXN000199,2024-12-17,120.9,online,4,4,0
TXN001206,2024-07-07,255.57,online,1,1,0
TXN001055,2024-12-29,22.85,ATM,17,2,0
TXN001131,2024-09-01,14.39,online,18,4,0
TXN001379,2024-07-16,102.64,POS,23,4,0
TXN000998,2024-12-17,24.95,online,11,1,0
TXN000727,2024-02-02,97.26,ATM,17,4,0
TXN001771,2024-05-17,35.78,POS,6,2,0
TXN001909,2024-08-26,1328.98,international,1,10,1
TXN001821,2024-10-06,47.4,POS,17,5,0
TXN000567,2024-04-01,143.02,POS,5,4,0
TXN000043,2024-05-09,17.27,POS,13,2,0
TXN000274,2024-06-01,330.88,online,10,3,0
TXN001096,2024-10-31,14.01,POS,11,5,0
TXN000101,2024-03-13,48.92,international,11,2,0
TXN001231,2024-09-24,53.09,online,9,2,0
TXN001721,2024-09-27,8.53,POS,10,1,0
TXN001832,2024-08-02,37.69,POS,15,3,0
TXN000107,2024-08-30,51.46,ATM,19,5,0
TXN001617,2024-07-04,29.92,ATM,14,4,0
TXN000497,2024-05-16,27.88,online,12,5,0
TXN001980,2024-09-02,200.0,international,23,8,1
TXN000881,2024-11-06,167.25,online,10,4,0
TXN000756,2024-09-26,27.27,ATM,17,1,0
TXN000619,2024-02-21,133.7,online,11,3,0
TXN001106,2024-03-30,499.77,ATM,18,5,0
TXN001935,2024-05-09,1302.82,international,4,22,1
TXN000809,2024-12-29,62.89,ATM,3,2,0
TXN001037,2024-01-06,9.78,POS,13,3,0
TXN000072,2024-06-17,13.95,ATM,9,1,0
TXN001283,2024-10-19,88.33,online,15,2,0
TXN001271,2024-02-09,99.98,ATM,17,3,0
TXN001334,2024-07-13,97.44,POS,12,1,0
TXN001458,2024-04-06,101.66,POS,21,4,0
TXN000481,2024-10-29,53.29,ATM,3,1,0
TXN001068,2024-05-01,28.78,online,18,2,0
TXN000506,2024-07-12,13.33,POS,20,2,0
TXN001237,2024-02-15,60.22,online,13,5,0
TXN001861,2024-06-07,36055.96,international,4,11,1
TXN001989,2024-01-09,1697.76,ATM,4,18,1
TXN001476,2024-06-28,120.17,online,15,4,0
TXN001866,2024-02-05,13849.86,international,3,9,1
TXN001455,2024-01-24,245.19,international,4,1,0
TXN000311,2024-09-02,28.49,online,11,2,0
TXN000962,2024-11-02,27.33,online,17,1,0
TXN000405,2024-07-01,17.16,online,8,3,0
TXN001330,2024-06-13,24.68,online,11,1,0
TXN001649,2024-11-01,39.62,ATM,16,3,0
TXN000309,2024-02-09,83.12,ATM,9,3,0
TXN000226,2024-10-22,20.32,online,14,5,0
TXN001857,2024-02-18,1050.01,online,0,14,1
TXN000710,2024-09-04,13.17,POS,21,2,0
TXN001943,2024-06-24,5477.4,international,3,8,1
TXN001383,2024-11-23,15.21,online,9,1,0
TXN001785,2024-03-29,9.27,online,13,2,0
TXN000148,2024-10-26,144.59,POS,12,1,0
TXN001554,2024-06-16,34.53,POS,18,4,0
TXN001956,2024-03-02,3265.31,POS,22,8,1
TXN000925,2024-12-11,88.59,POS,15,1,0
TXN000942,2024-11-29,59.62,POS,11,4,0
TXN000836,2024-10-22,56.69,online,15,3,0
TXN000575,2024-05-16,13.1,online,17,4,0
TXN000557,2024-11-15,39.43,ATM,21,1,0
TXN001235,2024-05-06,83.29,ATM,22,5,0
TXN001360,2024-01-31,5.05,online,3,1,0
TXN001347,2024-09-12,186.68,ATM,14,5,0
TXN001161,2024-07-01,78.76,ATM,10,4,0
TXN001442,2024-12-07,59.42,online,13,4,0
TXN000286,2024-02-28,82.89,POS,3,5,0
TXN001604,2024-02-15,6.09,online,9,5,0
TXN001057,2024-10-08,57.77,POS,23,1,0
TXN000598,2024-08-17,53.37,POS,17,1,0
TXN000932,2024-04-03,107.1,POS,10,5,0
TXN001461,2024-04-24,16.69,ATM,11,4,0
TXN001637,2024-08-14,172.13,POS,18,5,0
TXN001587,2024-01-29,335.8,ATM,2,5,0
TXN001040,2024-09-14,199.04,ATM,10,2,0
TXN001230,2024-10-26,58.42,online,2,4,0
TXN000806,2024-07-17,66.93,online,6,5,0
TXN000904,2024-06-16,47.08,POS,8,5,0
TXN001679,2024-07-06,238.27,POS,16,2,0
TXN001204,2024-08-25,24.42,ATM,9,5,0
TXN000767,2024-06-23,594.04,online,17,4,0
TXN000609,2024-11-09,205.44,online,11,4,0
TXN001992,2024-07-27,6368.52,POS,0,8,1
TXN001564,2024-07-22,29.83,ATM,12,5,0
TXN001422,2024-08-02,78.75,online,11,5,0
TXN001010,2024-04-08,47.94,online,15,3,0
TXN000493,2024-08-08,190.33,ATM,18,2,0
TXN001320,2024-02-11,323.22,online,9,1,0
TXN000277,2024-10-12,17.3,POS,17,2,0
TXN001846,2024-05-26,219.66,POS,10,2,0
TXN000358,2024-02-03,248.84,POS,16,3,0
TXN001110,2024-08-18,70.24,online,11,3,0
TXN000236,2024-08-30,6.7,POS,9,1,0
TXN000551,2024-05-23,47.27,ATM,2,2,0
TXN001867,2024-03-22,529.78,international,2,17,1
TXN001812,2024-09-02,45.78,ATM,16,2,0
TXN000208,2024-04-06,100.9,POS,17,2,0
TXN001386,2024-07-23,7.51,POS,0,2,0
TXN001560,2024-04-16,23.87,online,8,1,0
TXN000058,2024-09-28,85.78,online,18,3,0
TXN000631,2024-04-29,35.71,online,17,4,0
TXN001961,2024-10-15,9149.2,international,0,11,1
TXN001859,2024-01-04,7158.77,international,4,13,1
TXN001816,2024-03-26,48.75,POS,14,1,0
TXN000363,2024-11-22,118.45,online,14,5,0
TXN000505,2024-06-14,97.08,POS,23,5,0
TXN001165,2024-02-08,29.88,international,15,2,0
TXN001121,2024-01-31,267.79,ATM,16,5,0
TXN001629,2024-02-16,44.09,ATM,17,2,0
TXN001216,2024-07-04,67.45,online,10,1,0
TXN001151,2024-07-03,13.75,international,16,5,0
TXN001124,2024-11-02,28.21,POS,4,3,0
TXN001594,2024-09-13,127.48,POS,11,1,0
TXN000118,2024-03-30,230.97,POS,12,3,0
TXN001249,2024-12-22,815.65,POS,12,2,0
TXN001993,2024-09-24,693.0,ATM,23,8,1
TXN000522,2024-03-11,23.29,POS,0,1,0
TXN000513,2024-10-25,70.52,online,7,3,0
TXN000081,2024-06-08,20.09,online,15,5,0
TXN000915,2024-06-16,56.81,ATM,8,3,0
TXN001018,2024-01-16,90.91,online,13,4,0
TXN000380,2024-01-02,79.29,online,8,1,0
TXN001029,2024-05-01,7.99,online,11,3,0
TXN001688,2024-12-08,143.74,online,12,2,0
TXN000084,2024-08-17,36.15,online,15,1,0
TXN001677,2024-06-02,530.06,POS,13,1,0
TXN000329,2024-07-21,82.35,POS,10,5,0
TXN000006,2024-02-01,11.76,POS,19,4,0
TXN000745,2024-05-12,55.05,POS,15,2,0
TXN001553,2024-08-13,37.48,ATM,1,1,0
TXN000914,2024-08-04,54.57,ATM,18,4,0
TXN000873,2024-02-15,16.17,online,21,3,0
TXN000451,2024-12-03,19.45,online,8,5,0
TXN000490,2024-12-06,46.31,international,17,1,0
TXN001480,2024-02-25,268.52,online,9,4,0
TXN000287,2024-07-27,14.58,POS,14,5,0
TXN000948,2024-12-11,55.2,POS,18,1,0
TXN001985,2024-07-02,2713.99,ATM,3,23,1
TXN001368,2024-12-17,24.91,online,18,3,0
TXN001146,2024-07-12,73.3,international,14,2,0
TXN000705,2024-07-25,264.48,international,15,2,0
TXN001726,2024-12-12,286.4,online,18,3,0
TXN001701,2024-03-06,10.93,ATM,10,2,0
TXN001628,2024-05-21,324.5,online,4,4,0
TXN001599,2024-09-15,117.44,ATM,19,3,0
TXN001538,2024-09-14,152.56,online,12,5,0
TXN001405,2024-02-26,32.87,POS,15,1,0
TXN001650,2024-03-10,120.0,online,5,3,0
TXN000327,2024-01-14,52.23,online,10,1,0
TXN000442,2024-02-18,350.55,POS,15,2,0
TXN000774,2024-11-04,54.71,online,14,5,0
TXN001087,2024-12-27,64.76,ATM,17,3,0
TXN001220,2024-08-25,66.59,POS,12,3,0
TXN001635,2024-07-14,161.15,online,16,2,0
TXN000177,2024-02-28,44.84,online,15,5,0
TXN001322,2024-07-19,55.36,ATM,10,2,0
TXN000704,2024-02-17,69.31,online,17,1,0
TXN000086,2024-02-05,85.1,international,9,1,0
TXN001883,2024-08-22,1936.34,online,1,24,1
TXN001947,2024-06-03,733.04,international,22,13,1
TXN000457,2024-08-19,42.4,online,16,4,0
TXN001828,2024-08-12,198.33,online,16,2,0
TXN000054,2024-06-30,5.0,ATM,10,2,0
TXN001501,2024-04-05,22.48,ATM,12,1,0
TXN000643,2024-06-24,115.49,online,9,1,0
TXN000677,2024-01-31,55.99,POS,9,2,0
TXN000221,2024-06-15,60.46,online,9,1,0
TXN000113,2024-06-16,106.71,online,9,2,0
TXN000982,2024-07-18,8.77,online,16,5,0
TXN001228,2024-02-26,57.07,ATM,21,2,0
TXN000999,2024-07-06,17.52,online,10,5,0
TXN000174,2024-09-11,86.06,POS,18,3,0
TXN000781,2024-08-20,43.49,online,17,1,0
TXN000589,2024-11-03,61.23,POS,12,1,0
TXN001559,2024-11-08,93.8,POS,9,5,0
TXN000018,2024-11-02,81.21,international,10,2,0
TXN000423,2024-07-31,44.57,ATM,10,4,0
TXN001343,2024-07-28,52.5,ATM,18,1,0
TXN000285,2024-12-08,78.74,POS,18,1,0
TXN001583,2024-05-31,7.16,POS,17,4,0
TXN000428,2024-01-10,31.16,online,2,2,0
TXN001509,2024-09-06,72.33,online,18,1,0
TXN001318,2024-06-12,145.41,online,23,1,0
TXN000669,2024-02-18,24.13,ATM,8,5,0
TXN000031,2024-03-23,46.24,ATM,10,5,0
TXN000940,2024-09-09,82.65,POS,15,5,0
TXN000722,2024-11-04,92.96,online,16,2,0
TXN000994,2024-07-12,66.66,online,8,3,0
TXN000214,2024-09-25,24.67,online,15,3,0
TXN000813,2024-04-13,34.69,online,13,4,0
TXN000326,2024-03-27,205.4,POS,9,1,0
TXN000560,2024-07-14,36.77,online,12,1,0
TXN001112,2024-03-11,167.78,ATM,14,5,0
TXN000700,2024-07-08,26.32,ATM,19,1,0
TXN001578,2024-02-11,35.4,ATM,9,3,0
TXN001189,2024-01-03,17.22,online,12,1,0
TXN000341,2024-04-16,75.72,POS,8,1,0
TXN000629,2024-05-13,43.2,online,8,5,0
TXN000147,2024-03-26,21.01,online,2,5,0
TXN001309,2024-11-07,59.79,POS,15,1,0
TXN000360,2024-11-04,73.85,POS,10,2,0
TXN000083,2024-10-30,164.79,online,7,1,0
TXN000048,2024-09-04,132.48,online,11,2,0
TXN000468,2024-03-07,136.5,POS,13,2,0
TXN000155,2024-08-29,21.0,POS,13,4,0
TXN000772,2024-01-02,27.22,online,17,3,0
TXN001239,2024-01-15,37.41,ATM,1,2,0
TXN001200,2024-11-16,123.81,online,17,2,0
TXN001402,2024-04-19,138.07,online,14,4,0
TXN001202,2024-12-25,119.66,online,13,5,0
TXN001630,2024-07-28,9.02,ATM,13,2,0
TXN000500,2024-02-11,86.68,online,0,5,0
TXN001764,2024-07-29,21.1,ATM,15,4,0
TXN000179,2024-07-01,43.41,online,10,5,0
TXN001047,2024-08-07,15.26,online,3,4,0
TXN001755,2024-04-26,73.05,international,1,5,0
TXN000950,2024-02-04,12.21,online,13,4,0
TXN001316,2024-09-16,35.37,POS,2,3,0
TXN001619,2024-12-27,67.78,ATM,2,2,0
TXN000528,2024-11-30,44.28,online,15,2,0
TXN000346,2024-12-27,257.72,ATM,15,4,0
TXN001387,2024-04-28,187.78,ATM,17,4,0
TXN001960,2024-01-22,762.56,international,4,21,1
TXN001050,2024-07-04,6.17,online,11,5,0
TXN001972,2024-06-11,3394.35,international,22,11,1
TXN001441,2024-07-06,33.4,POS,3,1,0
TXN000601,2024-10-11,38.34,ATM,14,4,0
TXN001281,2024-09-26,76.33,ATM,9,4,0
TXN000243,2024-08-25,58.07,POS,18,4,0
TXN001336,2024-08-20,72.04,ATM,15,1,0
TXN001067,2024-08-21,64.35,online,3,5,0
TXN001475,2024-04-20,22.57,online,10,4,0
TXN000312,2024-02-13,27.82,POS,10,4,0
TXN000435,2024-02-15,48.24,POS,11,3,0
TXN001898,2024-09-24,9128.73,international,3,14,1
TXN001328,2024-09-03,25.32,ATM,10,3,0
TXN000308,2024-04-25,33.58,POS,9,2,0
TXN000430,2024-01-31,11.44,online,11,5,0
TXN000660,2024-03-05,37.88,POS,11,5,0
TXN000370,2024-05-02,34.91,online,14,3,0
TXN000566,2024-03-24,78.05,online,13,4,0
TXN000979,2024-07-25,29.48,ATM,6,4,0
TXN000181,2024-02-25,21.91,online,4,2,0
TXN001362,2024-05-08,16.74,ATM,17,5,0
TXN000621,2024-06-23,10.15,online,14,1,0
TXN000818,2024-08-30,5.61,POS,8,1,0
TXN001192,2024-03-03,118.76,ATM,9,5,0
TXN000952,2024-08-12,7.12,online,14,1,0
TXN001421,2024-12-29,89.67,ATM,14,1,0
TXN001840,2024-06-04,34.39,international,0,3,0
TXN000922,2024-06-11,34.39,online,15,2,0
TXN001073,2024-07-10,69.3,online,18,1,0
TXN000296,2024-11-06,47.42,online,16,3,0
TXN000966,2024-08-07,13.5,international,10,1,0
TXN000461,2024-02-21,369.8,online,14,5,0
TXN001302,2024-09-12,8.53,POS,4,2,0
TXN001176,2024-04-25,44.88,ATM,10,3,0
TXN000377,2024-09-29,253.91,ATM,2,5,0
TXN000798,2024-04-25,11.33,online,8,1,0
TXN001102,2024-12-01,80.8,POS,13,2,0
TXN000105,2024-10-14,62.23,POS,13,1,0
TXN000126,2024-01-29,101.46,online,23,4,0
TXN001995,2024-03-09,3084.84,international,23,22,1
TXN000838,2024-01-06,52.94,online,10,3,0
TXN000355,2024-12-28,45.99,international,9,3,0
TXN001616,2024-10-16,40.16,online,9,4,0
TXN000682,2024-12-16,15.45,POS,15,4,0
TXN000812,2024-09-06,366.1,online,8,2,0
TXN001680,2024-12-10,65.56,online,11,4,0
TXN000209,2024-10-11,99.32,online,15,1,0
TXN001492,2024-01-11,29.55,ATM,10,3,0
TXN000140,2024-12-24,88.69,ATM,8,2,0
TXN001974,2024-04-07,1585.45,POS,4,16,1
TXN001339,2024-05-28,15.08,ATM,14,2,0
TXN001797,2024-03-08,15.19,international,12,3,0
TXN001574,2024-02-24,204.9,online,12,1,0
TXN001181,2024-12-04,57.77,online,18,2,0
TXN001393,2024-09-27,109.67,online,9,2,0
TXN001815,2024-02-10,73.87,online,11,1,0
TXN000711,2024-07-09,39.95,ATM,12,2,0
TXN001793,2024-04-11,9.43,online,15,2,0
TXN000892,2024-07-09,183.62,online,14,4,0
TXN000859,2024-10-19,28.32,online,6,4,0
TXN000010,2024-07-11,267.27,ATM,11,4,0
TXN001694,2024-02-28,223.67,POS,15,3,0
TXN001427,2024-11-25,83.05,POS,14,2,0
TXN000282,2024-09-01,11.02,ATM,16,1,0
TXN000810,2024-01-17,5.34,POS,17,3,0
TXN001341,2024-02-19,21.68,online,14,1,0
TXN000291,2024-04-07,54.02,online,14,4,0
TXN000754,2024-07-21,175.83,ATM,17,3,0
TXN000626,2024-05-03,7.89,ATM,10,1,0
TXN000943,2024-06-22,68.01,online,14,5,0
TXN000861,2024-12-04,163.89,online,8,4,0
TXN000129,2024-08-19,82.26,POS,22,5,0
TXN001175,2024-05-03,92.82,online,15,5,0
TXN000323,2024-11-30,8.93,POS,17,5,0
TXN001090,2024-07-02,42.43,ATM,3,5,0
TXN000843,2024-01-14,13.9,online,1,2,0
TXN000963,2024-03-20,46.12,POS,14,3,0
TXN001864,2024-06-22,1497.95,ATM,22,16,1
TXN000865,2024-09-11,19.48,online,12,3,0
TXN000921,2024-07-27,64.73,international,22,3,0
TXN000695,2024-04-02,20.39,ATM,19,4,0
TXN000215,2024-04-09,201.05,online,12,3,0
TXN001780,2024-01-18,88.69,POS,11,5,0
TXN001261,2024-12-03,68.33,online,17,4,0
TXN000158,2024-07-03,44.52,ATM,20,2,0
TXN001058,2024-06-03,69.78,online,15,3,0
TXN000988,2024-03-30,226.36,online,11,3,0
TXN000841,2024-08-27,32.57,online,21,1,0
TXN000634,2024-03-07,46.04,ATM,14,2,0
TXN000516,2024-11-17,91.21,ATM,14,5,0
TXN001428,2024-04-07,192.05,POS,4,1,0
TXN001747,2024-05-17,98.36,online,0,3,0
TXN000597,2024-10-11,29.48,ATM,9,2,0
TXN000195,2024-02-01,104.92,POS,8,2,0
TXN001783,2024-12-14,261.33,ATM,18,2,0
TXN000869,2024-01-15,29.08,POS,10,2,0
TXN000410,2024-03-04,116.03,POS,13,1,0
TXN000096,2024-03-28,33.69,POS,13,5,0
TXN001000,2024-10-22,6.32,online,8,4,0
TXN001505,2024-03-29,28.67,ATM,15,5,0
TXN000156,2024-02-16,84.56,international,15,2,0
TXN000419,2024-07-03,27.8,online,23,4,0
TXN001802,2024-06-14,141.79,online,16,1,0
TXN000477,2024-01-07,12.0,online,9,1,0
TXN001855,2024-09-18,9559.26,international,0,9,1
TXN000668,2024-12-01,62.8,ATM,2,5,0
TXN001417,2024-06-09,124.76,online,0,4,0
TXN001871,2024-11-17,4025.81,international,4,9,1
TXN001299,2024-01-11,20.1,POS,12,5,0
TXN000447,2024-12-14,24.58,online,1,4,0
TXN000553,2024-04-26,558.79,POS,4,2,0
TXN000178,2024-11-24,17.91,ATM,16,5,0
TXN000390,2024-09-29,121.01,online,23,5,0
TXN000578,2024-11-22,168.18,ATM,11,1,0
TXN001477,2024-05-23,18.16,ATM,16,5,0
TXN001706,2024-12-24,154.21,ATM,15,1,0
TXN001287,2024-03-26,455.39,POS,8,4,0
TXN001644,2024-02-18,10.78,online,22,2,0
TXN001023,2024-11-03,29.49,POS,16,2,0
TXN000820,2024-01-09,48.76,ATM,7,5,0
TXN001824,2024-10-09,64.19,online,10,1,0
TXN000984,2024-08-02,333.26,POS,14,3,0
TXN001338,2024-10-09,18.59,online,18,5,0
TXN000664,2024-08-06,118.1,international,10,2,0
TXN000142,2024-04-10,54.52,POS,12,1,0
TXN001516,2024-06-25,31.95,ATM,12,2,0
TXN001429,2024-10-14,170.76,online,5,1,0
TXN000864,2024-11-04,527.23,ATM,14,5,0
TXN000421,2024-09-10,96.11,POS,12,5,0
TXN000636,2024-03-26,101.22,online,12,3,0
TXN001406,2024-05-06,40.2,online,11,5,0
TXN000799,2024-06-10,13.71,POS,20,3,0
TXN001403,2024-04-27,715.17,ATM,17,3,0
TXN000615,2024-08-21,402.43,POS,21,2,0
TXN000294,2024-07-17,78.68,online,15,4,0
TXN000923,2024-02-22,106.1,POS,18,3,0
TXN001268,2024-12-13,21.24,online,10,5,0
TXN001902,2024-07-02,345.06,international,2,8,1
TXN000088,2024-10-07,11.81,ATM,10,5,0
TXN000041,2024-10-03,74.41,online,11,5,0
TXN001801,2024-06-19,221.22,POS,12,1,0
TXN001933,2024-10-24,605.88,international,1,17,1
TXN000131,2024-07-21,6.63,online,10,4,0
TXN001001,2024-09-25,41.83,POS,18,3,0
TXN001157,2024-11-06,117.55,POS,15,2,0
TXN001094,2024-04-29,25.35,online,22,3,0
TXN001854,2024-09-24,8802.99,international,23,9,1
TXN001344,2024-03-09,49.89,ATM,17,5,0
TXN001498,2024-06-19,110.61,online,10,4,0
TXN000164,2024-06-01,82.37,online,13,1,0
TXN000724,2024-10-13,9.24,ATM,17,4,0
TXN000290,2024-10-21,102.81,online,17,4,0
TXN001208,2024-04-13,9.83,online,16,3,0
TXN001588,2024-11-10,22.62,POS,17,2,0
TXN001896,2024-02-07,1065.54,international,1,14,1
TXN001641,2024-01-19,45.83,online,17,2,0
TXN001361,2024-01-25,153.51,online,8,3,0
TXN000778,2024-04-08,11.04,POS,12,2,0
TXN000839,2024-11-28,44.06,online,18,2,0
TXN000348,2024-03-06,20.06,online,8,1,0
TXN001944,2024-06-09,221.35,POS,0,11,1
TXN000571,2024-05-31,146.72,online,7,2,0
TXN000917,2024-10-13,7.75,POS,13,2,0
TXN000976,2024-02-04,69.1,POS,8,2,0
TXN001913,2024-07-27,1074.27,ATM,22,22,1
TXN001468,2024-10-10,20.13,POS,10,2,0
TXN001591,2024-05-06,49.39,online,20,3,0
TXN001317,2024-08-03,120.35,POS,13,4,0
TXN001844,2024-09-28,43.16,ATM,14,3,0
TXN000136,2024-08-08,155.33,online,0,2,0
TXN000458,2024-11-02,95.8,ATM,20,3,0
TXN000375,2024-02-04,104.61,POS,0,5,0
TXN001342,2024-02-13,19.22,POS,17,2,0
TXN000333,2024-10-29,113.15,POS,19,2,0
TXN001159,2024-05-04,173.98,online,13,4,0
TXN001760,2024-05-20,23.88,POS,8,2,0
TXN001457,2024-06-15,104.75,online,9,2,0
TXN000816,2024-01-16,46.34,online,3,3,0
TXN001114,2024-03-11,17.98,ATM,16,1,0
TXN001005,2024-12-02,34.81,ATM,11,1,0
TXN001856,2024-08-21,4054.51,international,22,19,1
TXN001954,2024-01-09,2317.0,international,0,12,1
TXN001850,2024-12-06,200.0,international,4,9,1
TXN000910,2024-10-08,36.25,POS,9,2,0
TXN001929,2024-08-06,1846.97,international,3,14,1
TXN001125,2024-11-03,97.7,ATM,23,5,0
TXN000328,2024-02-21,198.46,online,8,5,0
TXN001247,2024-06-18,49.65,ATM,7,5,0
TXN000318,2024-12-08,33.48,ATM,18,5,0
TXN001689,2024-02-04,50.05,online,10,1,0
TXN001358,2024-02-07,50.17,online,14,2,0
TXN001732,2024-09-12,46.75,POS,7,1,0
TXN000167,2024-03-01,46.82,online,15,5,0
TXN000012,2024-09-25,428.5,ATM,10,1,0
TXN001926,2024-12-06,3593.56,ATM,0,17,1
TXN000171,2024-02-02,28.66,POS,8,2,0
TXN000649,2024-11-05,69.2,international,0,4,0
TXN001061,2024-09-07,67.71,ATM,17,4,0
TXN000260,2024-10-16,31.14,ATM,17,3,0
TXN001366,2024-04-20,94.72,POS,18,2,0
TXN001548,2024-06-29,96.66,online,8,3,0
TXN000901,2024-01-16,8.57,online,10,3,0
TXN000672,2024-08-20,28.94,POS,19,3,0
TXN000258,2024-03-04,142.97,POS,20,2,0
TXN000844,2024-01-02,45.17,POS,9,3,0
TXN000867,2024-11-01,16.84,online,12,1,0
TXN001799,2024-07-09,51.25,POS,15,3,0
TXN000138,2024-05-06,66.87,online,21,2,0
TXN000893,2024-12-23,165.53,online,15,5,0
TXN001837,2024-04-21,16.95,ATM,18,3,0
TXN000549,2024-09-05,13.59,ATM,8,4,0
TXN000319,2024-10-07,45.33,online,14,2,0
TXN001526,2024-04-26,5.33,POS,13,2,0
TXN001805,2024-01-17,80.9,POS,9,3,0
TXN001177,2024-03-10,38.78,ATM,10,4,0
TXN000558,2024-10-16,90.91,ATM,18,3,0
TXN000139,2024-06-08,33.1,online,10,3,0
TXN001734,2024-11-10,236.56,online,8,5,0
TXN000531,2024-03-01,65.45,ATM,1,2,0
TXN000224,2024-09-20,38.04,online,11,1,0
TXN000723,2024-02-13,1006.51,POS,9,3,0
TXN000786,2024-01-12,41.24,online,17,5,0
TXN001717,2024-05-18,10.3,POS,22,5,0
TXN001007,2024-07-02,31.36,ATM,13,1,0
TXN000409,2024-01-06,100.91,online,19,1,0
TXN000325,2024-03-25,16.52,ATM,18,3,0
TXN001765,2024-12-07,45.61,online,10,1,0
TXN000299,2024-01-08,42.24,ATM,9,3,0
TXN001262,2024-06-11,99.58,POS,17,3,0
TXN001945,2024-04-10,370.23,international,1,19,1
TXN000025,2024-08-23,213.46,online,20,4,0
TXN001858,2024-11-17,520.76,international,23,21,1
TXN000714,2024-12-01,66.37,POS,10,2,0
TXN001009,2024-07-08,99.78,ATM,8,3,0
TXN000193,2024-05-12,13.49,international,7,1,0
TXN000440,2024-12-21,71.53,ATM,13,1,0
TXN000573,2024-01-18,15.08,ATM,8,2,0
TXN000946,2024-12-21,22.18,ATM,3,4,0
TXN000997,2024-05-11,152.1,online,14,3,0
TXN000503,2024-11-12,99.75,ATM,12,4,0
TXN000605,2024-07-14,111.27,POS,15,5,0
TXN001716,2024-08-23,14.43,ATM,2,2,0
TXN001163,2024-07-12,33.35,ATM,10,4,0
TXN001786,2024-03-13,85.97,ATM,18,4,0
TXN000846,2024-02-27,61.03,online,13,1,0
TXN000003,2024-06-09,27.77,online,14,5,0
TXN001286,2024-11-27,37.58,POS,14,2,0
TXN001222,2024-12-16,42.13,POS,8,3,0
TXN000467,2024-08-05,37.42,ATM,12,4,0
TXN000321,2024-02-09,5.0,ATM,12,4,0
TXN000005,2024-11-09,88.14,online,15,1,0
TXN000222,2024-09-13,59.09,POS,15,2,0
TXN001374,2024-11-19,44.07,POS,8,4,0
TXN000547,2024-08-03,28.09,online,8,2,0
TXN000228,2024-07-18,54.77,online,10,1,0
TXN000039,2024-08-18,175.09,online,11,2,0
TXN000542,2024-03-12,50.23,ATM,10,5,0
TXN000242,2024-02-04,198.04,ATM,13,5,0
TXN000898,2024-01-26,54.17,POS,8,3,0
TXN001133,2024-10-05,96.08,ATM,17,2,0
TXN001448,2024-09-26,45.15,ATM,17,4,0
TXN001868,2024-06-03,1010.3,international,0,15,1
TXN000842,2024-11-27,136.27,online,10,2,0
TXN001418,2024-11-10,72.19,online,8,3,0
TXN001653,2024-08-05,39.97,online,10,5,0
TXN001969,2024-01-08,7392.9,ATM,0,14,1
TXN000661,2024-09-25,13.79,ATM,2,1,0
TXN001210,2024-08-15,118.14,ATM,10,5,0
TXN000314,2024-03-30,22.66,online,14,2,0
TXN000691,2024-10-17,48.45,POS,16,5,0
TXN001503,2024-04-27,35.1,POS,0,3,0
TXN000424,2024-06-01,79.52,ATM,16,3,0
TXN000594,2024-04-27,13.83,ATM,17,2,0
TXN001963,2024-04-06,4461.95,online,3,11,1
TXN000622,2024-03-01,67.38,POS,16,4,0
TXN001170,2024-08-17,79.81,online,8,2,0
TXN001043,2024-05-15,52.81,online,18,3,0
TXN000227,2024-07-30,85.65,online,14,2,0
TXN001117,2024-08-02,15.42,online,9,1,0
TXN001331,2024-09-18,18.18,ATM,2,3,0
TXN001315,2024-04-19,100.57,international,11,3,0
TXN000066,2024-11-26,82.11,ATM,13,1,0
TXN000024,2024-10-12,92.7,POS,18,5,0
TXN000144,2024-12-28,31.26,POS,16,5,0
TXN000536,2024-06-15,115.07,POS,15,5,0
TXN000811,2024-11-16,69.19,online,17,4,0
TXN001466,2024-08-19,262.78,ATM,11,5,0
TXN000085,2024-09-12,13.24,online,8,3,0
TXN001660,2024-08-14,6.79,online,13,5,0
TXN001645,2024-04-17,100.93,POS,8,3,0
TXN001804,2024-02-16,63.16,international,16,4,0
TXN001817,2024-04-02,51.9,ATM,23,3,0
TXN001576,2024-07-19,55.49,online,12,4,0
TXN001144,2024-04-30,147.9,online,11,3,0
TXN000362,2024-03-22,29.12,online,12,1,0
TXN001611,2024-02-22,184.51,ATM,4,2,0
TXN001865,2024-05-10,8984.52,international,3,19,1
TXN001026,2024-01-29,12.6,ATM,11,3,0
TXN001030,2024-06-26,168.85,ATM,0,3,0
TXN001303,2024-11-22,45.59,POS,15,5,0
TXN001355,2024-06-30,51.69,ATM,16,4,0
TXN001730,2024-10-11,67.45,online,18,3,0
TXN000665,2024-09-10,122.62,ATM,4,4,0
TXN000364,2024-02-12,52.53,ATM,12,5,0
TXN000077,2024-03-23,41.15,ATM,10,3,0
TXN000027,2024-10-27,39.73,ATM,16,2,0
TXN001436,2024-06-04,148.36,POS,6,4,0
TXN000525,2024-04-23,144.19,POS,15,3,0
TXN001834,2024-05-29,46.08,online,23,1,0
TXN000055,2024-01-16,80.07,ATM,17,4,0
TXN000638,2024-10-16,74.4,online,15,4,0
TXN000302,2024-01-04,387.8,ATM,9,1,0
TXN000718,2024-03-27,42.42,online,14,3,0
TXN000624,2024-08-08,202.76,POS,16,3,0
TXN000007,2024-09-11,80.62,POS,12,3,0
TXN000803,2024-12-01,34.27,online,8,4,0
TXN001049,2024-02-13,15.99,ATM,13,5,0
TXN000336,2024-12-17,96.18,online,18,3,0
TXN000047,2024-11-21,67.47,POS,10,3,0
TXN001763,2024-08-07,71.39,ATM,18,3,0
TXN000106,2024-10-11,124.43,online,13,3,0
TXN000349,2024-03-01,294.0,online,2,3,0
TXN001079,2024-11-01,60.62,international,8,5,0
TXN000238,2024-04-22,41.97,ATM,9,4,0
TXN000213,2024-06-13,14.07,online,12,2,0
TXN001775,2024-02-17,53.52,POS,11,2,0
TXN001138,2024-09-28,33.33,ATM,6,2,0
TXN000793,2024-10-28,31.87,international,13,3,0
TXN001586,2024-10-27,41.26,POS,8,4,0
TXN001582,2024-07-07,56.63,online,15,4,0
TXN001671,2024-07-25,169.62,ATM,18,3,0
TXN000523,2024-10-28,507.39,ATM,13,5,0
TXN000232,2024-01-08,41.67,online,15,2,0
TXN000644,2024-10-08,10.1,POS,5,4,0
TXN001507,2024-06-24,34.95,online,10,4,0
TXN000533,2024-04-13,124.52,online,18,3,0
TXN001941,2024-07-09,605.47,POS,4,15,1
TXN000603,2024-02-19,75.4,ATM,12,3,0
TXN001329,2024-05-04,59.5,ATM,15,1,0
TXN001074,2024-06-19,49.97,ATM,10,3,0
TXN001304,2024-08-10,55.37,ATM,10,5,0
TXN000060,2024-12-02,17.07,online,8,3,0
TXN001263,2024-10-27,76.14,POS,18,1,0
TXN000092,2024-11-03,102.72,online,14,2,0
TXN000666,2024-07-02,47.19,ATM,15,2,0
TXN000280,2024-04-10,20.13,online,8,1,0
TXN001113,2024-04-16,49.69,POS,11,1,0
TXN000359,2024-09-30,24.61,ATM,8,2,0
TXN001128,2024-07-22,24.78,online,18,1,0
TXN001169,2024-11-30,71.73,online,11,2,0
TXN000847,2024-01-19,37.02,online,6,2,0
TXN001521,2024-09-16,165.67,online,16,1,0
TXN000110,2024-04-11,102.92,online,9,1,0
TXN000042,2024-09-12,98.45,online,12,1,0
TXN000125,2024-07-25,38.98,ATM,10,3,0
TXN000204,2024-06-15,89.53,POS,9,1,0
TXN000052,2024-05-12,38.26,ATM,12,3,0
TXN000545,2024-01-20,15.68,online,9,3,0
TXN000068,2024-01-28,62.24,online,14,5,0
TXN001740,2024-06-06,54.89,online,16,4,0
TXN001547,2024-11-06,58.56,POS,13,4,0
TXN000183,2024-09-11,204.18,online,7,2,0
TXN000137,2024-01-12,179.04,POS,9,4,0
TXN000899,2024-08-12,71.8,online,15,4,0
TXN000796,2024-12-19,130.72,online,14,5,0
TXN000132,2024-02-03,37.92,online,16,1,0
TXN000080,2024-12-09,101.17,online,16,1,0
TXN001986,2024-07-17,10545.82,international,23,24,1
TXN001540,2024-06-22,60.49,POS,11,2,0
TXN000541,2024-01-21,69.2,POS,12,2,0
TXN001668,2024-07-13,57.17,online,6,4,0
TXN000983,2024-08-24,113.28,online,2,4,0
TXN000165,2024-10-24,61.46,ATM,16,5,0
TXN000248,2024-10-14,5.37,POS,18,2,0
TXN000446,2024-04-24,44.09,ATM,10,1,0
TXN001514,2024-03-31,38.3,online,15,5,0
TXN000858,2024-09-01,29.4,POS,10,4,0
TXN001211,2024-10-12,41.28,online,17,5,0
TXN000097,2024-09-06,130.39,online,11,1,0
TXN001973,2024-12-30,475.17,international,4,16,1
TXN000737,2024-05-01,16.12,POS,22,2,0
TXN001255,2024-01-31,37.93,international,21,1,0
TXN000102,2024-10-20,77.69,online,23,3,0
TXN000434,2024-06-07,11.15,online,10,2,0
TXN000074,2024-09-07,25.99,online,11,1,0
TXN001791,2024-11-17,12.36,ATM,15,3,0
TXN001234,2024-08-20,32.34,POS,4,2,0
TXN000918,2024-04-02,7.58,ATM,18,4,0
TXN001711,2024-06-20,177.5,ATM,12,3,0
TXN001670,2024-10-05,293.65,POS,8,1,0
TXN001620,2024-04-06,122.1,online,16,3,0
TXN000762,2024-12-12,11.39,ATM,21,5,0
TXN000989,2024-10-14,34.58,ATM,14,4,0
TXN000388,2024-11-21,6.23,POS,11,3,0
TXN000235,2024-09-19,42.78,online,9,1,0
TXN001506,2024-11-29,98.37,POS,14,5,0
TXN000267,2024-05-06,16.66,POS,9,4,0
TXN001187,2024-08-06,82.04,online,9,2,0
TXN000117,2024-02-21,15.88,online,0,5,0
TXN001606,2024-02-23,187.14,online,7,4,0
TXN000673,2024-02-04,17.06,POS,12,5,0
TXN000249,2024-01-16,7.38,ATM,16,4,0
TXN001452,2024-01-19,20.7,ATM,7,1,0
TXN001994,2024-07-27,2088.48,international,3,18,1
TXN000094,2024-11-23,76.02,ATM,6,1,0
TXN000033,2024-07-21,46.08,online,18,3,0
TXN001463,2024-01-19,63.44,POS,18,2,0
TXN001667,2024-09-04,78.18,ATM,18,1,0
TXN000448,2024-07-09,83.75,ATM,14,1,0
TXN000716,2024-07-07,37.2,POS,23,1,0
TXN001809,2024-12-16,125.89,online,13,2,0
TXN001517,2024-01-18,22.18,ATM,11,1,0
TXN000000,2024-02-02,56.75,online,18,1,0
TXN001375,2024-12-16,8.62,POS,11,3,0
TXN001101,2024-06-20,59.61,POS,8,2,0
TXN001108,2024-12-09,28.05,online,20,2,0
TXN001226,2024-02-09,118.22,online,9,5,0
TXN000082,2024-02-28,19.27,POS,2,5,0
TXN001288,2024-02-07,69.02,online,17,2,0
TXN000676,2024-07-30,11.17,POS,16,1,0
TXN001920,2024-05-08,410.45,POS,22,17,1
TXN001046,2024-03-28,24.49,online,5,4,0
TXN000770,2024-08-25,329.73,online,15,2,0
TXN001946,2024-05-09,1375.07,international,22,21,1
TXN001280,2024-09-27,16.17,POS,13,3,0
TXN001580,2024-04-18,97.92,POS,4,4,0
TXN001488,2024-02-10,120.34,ATM,15,5,0
TXN000404,2024-07-01,28.18,online,3,3,0
TXN001727,2024-07-27,27.53,POS,15,5,0
TXN001298,2024-07-12,21.52,online,2,5,0
TXN001340,2024-07-13,265.82,online,11,1,0
TXN000104,2024-10-17,61.63,ATM,20,4,0
TXN000688,2024-06-11,46.85,ATM,14,2,0
TXN001305,2024-09-02,44.03,online,0,5,0
TXN000826,2024-09-05,14.32,international,0,1,0
TXN000062,2024-05-13,214.98,ATM,14,3,0
TXN000852,2024-12-17,25.16,ATM,11,3,0
TXN001353,2024-11-30,11.22,ATM,17,3,0
TXN000223,2024-03-14,169.64,ATM,11,3,0
TXN000145,2024-11-07,122.2,online,12,4,0
TXN001088,2024-08-25,31.17,ATM,18,3,0
TXN000373,2024-05-16,23.66,online,14,1,0
TXN001420,2024-12-12,57.74,POS,13,5,0
TXN001142,2024-12-05,114.07,online,18,5,0
TXN001826,2024-02-08,18.43,ATM,12,4,0
TXN001494,2024-05-29,106.54,POS,16,2,0
TXN001601,2024-09-26,162.5,POS,15,3,0
TXN001270,2024-05-14,102.87,ATM,8,4,0
TXN000009,2024-02-04,47.11,online,14,3,0
TXN000449,2024-04-14,84.69,online,17,3,0
TXN000708,2024-06-22,169.47,international,18,2,0
TXN000255,2024-02-22,151.27,ATM,6,5,0
TXN000882,2024-06-12,73.47,international,14,5,0
TXN000389,2024-02-25,7.29,ATM,9,3,0
TXN000908,2024-05-15,84.98,POS,8,2,0
TXN000924,2024-03-31,138.75,POS,16,5,0
TXN001703,2024-03-13,188.27,POS,13,4,0
TXN001232,2024-12-20,66.23,POS,8,4,0
TXN000460,2024-09-21,77.68,online,19,4,0
TXN001269,2024-01-18,200.57,online,14,1,0
TXN001759,2024-07-31,197.67,online,13,1,0
TXN001168,2024-12-30,305.63,online,8,5,0
TXN000958,2024-12-20,68.81,online,15,5,0
TXN000501,2024-08-25,8.4,online,10,1,0
TXN000739,2024-11-23,63.18,online,12,2,0
TXN001849,2024-03-01,23.77,ATM,17,5,0
TXN000868,2024-06-11,25.09,online,15,5,0
TXN000731,2024-06-01,66.18,online,4,4,0
TXN000539,2024-01-08,22.92,ATM,18,3,0
TXN001201,2024-06-23,60.01,ATM,14,1,0
TXN000697,2024-08-03,13.65,online,15,3,0
TXN001392,2024-12-25,78.49,POS,5,2,0
TXN001376,2024-12-17,34.62,online,12,1,0
TXN001145,2024-06-25,20.21,ATM,11,5,0
TXN001031,2024-03-04,51.67,POS,3,5,0
TXN000372,2024-05-29,48.64,online,10,4,0
TXN000667,2024-11-10,36.89,ATM,18,5,0
TXN001525,2024-01-18,101.11,online,2,4,0
TXN000357,2024-11-21,143.64,online,8,5,0
TXN000967,2024-04-25,105.17,POS,15,1,0
TXN000783,2024-02-14,146.72,POS,20,5,0
TXN000735,2024-09-01,79.44,POS,14,3,0
TXN001035,2024-09-28,129.83,POS,13,2,0
TXN000970,2024-04-19,152.03,ATM,14,5,0
TXN001524,2024-08-08,29.02,POS,12,2,0
TXN001486,2024-02-29,50.06,online,8,5,0
TXN001523,2024-02-24,25.92,POS,11,2,0
TXN001490,2024-04-10,32.56,ATM,15,4,0
TXN001642,2024-06-12,155.34,ATM,15,1,0
TXN001252,2024-01-28,27.27,international,14,3,0
TXN001693,2024-05-24,59.31,POS,13,1,0
TXN001749,2024-09-19,20.71,online,8,2,0
TXN001236,2024-01-02,158.93,POS,14,3,0
TXN000885,2024-09-25,17.79,online,21,4,0
TXN000079,2024-09-01,68.25,ATM,18,2,0
TXN001172,2024-05-22,45.93,online,9,4,0
TXN000814,2024-10-10,70.8,international,5,3,0
TXN001285,2024-01-18,99.78,online,15,4,0
TXN000671,2024-08-12,21.32,POS,14,4,0
TXN001531,2024-01-04,60.4,online,16,5,0
TXN000057,2024-02-26,9.74,online,14,1,0
TXN000133,2024-07-23,6.17,online,7,3,0
TXN001140,2024-11-17,36.71,POS,14,2,0
TXN000933,2024-08-24,129.09,POS,12,2,0
TXN001684,2024-05-10,20.83,ATM,16,4,0
TXN000823,2024-08-25,30.46,ATM,14,2,0
TXN001214,2024-01-28,19.16,POS,8,4,0
TXN000504,2024-04-10,45.49,online,10,2,0
TXN001774,2024-10-07,41.62,online,7,1,0
TXN000347,2024-12-07,195.78,online,16,1,0
TXN000386,2024-01-25,43.9,online,8,3,0
TXN001024,2024-10-26,152.22,ATM,11,3,0
TXN000894,2024-09-30,11.11,ATM,12,2,0
TXN000828,2024-11-11,13.49,ATM,11,4,0
TXN001892,2024-08-20,1037.85,international,2,14,1
TXN000475,2024-10-13,189.74,POS,10,1,0
TXN001470,2024-11-23,88.26,online,10,5,0
TXN001447,2024-12-16,239.72,online,18,1,0
TXN001581,2024-03-19,22.03,online,11,5,0
TXN000652,2024-03-14,43.09,POS,10,3,0
TXN000172,2024-10-08,51.41,POS,11,4,0
TXN001149,2024-11-06,371.09,online,13,5,0
TXN000038,2024-04-11,85.48,online,18,1,0
TXN000713,2024-10-05,90.75,ATM,17,5,0
TXN000090,2024-06-07,113.93,online,2,2,0
TXN001936,2024-10-24,200.0,international,1,9,1
TXN001205,2024-11-25,8.95,online,14,3,0
TXN000875,2024-07-03,21.81,POS,10,3,0
TXN001351,2024-05-23,89.33,POS,15,2,0
TXN001889,2024-06-27,4047.21,international,22,18,1
TXN001093,2024-05-23,66.58,online,22,2,0
TXN001155,2024-08-02,60.48,online,13,4,0
TXN001781,2024-05-03,42.96,ATM,13,5,0
TXN001958,2024-05-18,1480.42,online,23,10,1
TXN000499,2024-06-04,31.74,POS,3,3,0
TXN000338,2024-03-14,17.77,online,11,4,0
TXN001188,2024-07-25,80.4,online,14,4,0
TXN000028,2024-07-18,22.94,POS,16,2,0
TXN001217,2024-09-24,80.68,online,6,3,0
TXN001399,2024-04-19,181.76,POS,1,4,0
TXN001820,2024-04-24,17.46,ATM,2,2,0
TXN000945,2024-02-13,239.43,online,13,1,0
TXN000169,2024-01-09,34.59,ATM,11,3,0
TXN001404,2024-03-05,25.79,online,18,1,0
TXN001197,2024-12-24,66.36,POS,1,1,0
TXN001253,2024-10-16,21.27,online,10,4,0
TXN001613,2024-09-09,250.06,online,2,2,0
TXN000912,2024-05-17,8.0,POS,8,2,0
TXN000491,2024-11-12,9.47,POS,18,1,0
TXN000953,2024-06-05,56.41,POS,12,5,0
TXN001097,2024-10-02,80.7,POS,16,3,0
TXN001032,2024-09-23,16.57,online,8,3,0
TXN000587,2024-02-06,85.63,international,10,3,0
TXN000750,2024-12-16,104.42,POS,16,5,0
TXN000657,2024-08-19,11.39,online,10,5,0
TXN000234,2024-06-28,49.48,ATM,23,2,0
TXN000732,2024-12-02,169.36,ATM,8,2,0
TXN001988,2024-06-20,835.32,international,0,19,1
TXN001632,2024-02-03,108.03,online,22,4,0
TXN001156,2024-02-13,17.76,online,4,5,0
TXN001469,2024-01-23,38.39,online,3,5,0
TXN001424,2024-04-03,81.86,online,18,5,0
TXN001627,2024-08-01,44.02,POS,11,3,0
TXN000934,2024-06-10,259.52,ATM,14,4,0
TXN001209,2024-12-17,26.74,ATM,15,1,0
TXN001065,2024-05-21,41.0,online,16,4,0
TXN000108,2024-06-21,26.33,POS,13,4,0
TXN001542,2024-02-02,20.95,POS,8,1,0
TXN000568,2024-08-22,26.45,online,5,2,0
TXN001167,2024-05-25,12.85,ATM,16,1,0
TXN001174,2024-01-04,52.86,POS,17,3,0
TXN000890,2024-02-06,20.42,ATM,10,5,0
TXN000947,2024-02-18,30.35,ATM,18,4,0
TXN001048,2024-08-31,60.03,online,16,5,0
TXN001352,2024-06-29,29.36,online,18,5,0
TXN001777,2024-02-29,108.97,POS,6,4,0
TXN001446,2024-12-08,126.97,online,8,5,0
TXN000884,2024-10-23,67.4,online,0,5,0
TXN001672,2024-04-07,21.29,online,14,3,0
TXN000850,2024-12-23,14.71,online,11,4,0
TXN000734,2024-03-17,267.86,online,20,2,0
TXN000717,2024-06-28,72.84,online,1,2,0
TXN000454,2024-08-05,26.25,online,17,4,0
TXN000264,2024-12-27,238.16,ATM,11,5,0
TXN000075,2024-06-22,137.6,online,10,5,0
TXN001657,2024-11-14,10.18,online,21,4,0
TXN000444,2024-07-04,105.41,ATM,18,2,0
TXN000395,2024-11-15,404.85,POS,9,5,0
TXN000176,2024-09-18,50.53,online,10,2,0
TXN001042,2024-05-31,271.57,POS,18,2,0
TXN001735,2024-10-18,24.12,online,7,3,0
TXN001401,2024-03-29,175.03,online,7,3,0
TXN001380,2024-12-23,135.42,POS,18,2,0
TXN000595,2024-10-19,75.82,online,12,3,0
TXN000061,2024-09-28,26.79,ATM,10,1,0
TXN001296,2024-04-05,94.54,POS,12,5,0
TXN000872,2024-02-11,47.26,ATM,8,5,0
TXN001489,2024-07-04,11.79,POS,14,4,0
TXN001878,2024-09-18,3425.08,international,4,15,1
TXN000278,2024-01-24,8.1,POS,9,4,0
TXN000036,2024-11-09,58.89,ATM,9,5,0
TXN001975,2024-10-05,6680.61,international,4,18,1
TXN000662,2024-01-13,29.13,online,19,2,0
TXN001953,2024-11-30,2299.57,international,22,10,1
TXN001444,2024-02-20,125.78,POS,7,2,0
TXN000977,2024-07-27,130.57,POS,11,3,0
TXN001571,2024-05-11,27.04,POS,12,2,0
TXN000738,2024-09-26,23.79,online,12,1,0
TXN000191,2024-08-18,60.97,POS,7,1,0
TXN000919,2024-08-20,71.79,POS,10,1,0
TXN000456,2024-02-24,48.95,POS,14,2,0
TXN000675,2024-09-21,113.26,ATM,16,4,0
TXN000760,2024-03-05,37.13,POS,12,4,0
TXN001807,2024-06-24,128.66,POS,16,3,0
TXN001602,2024-10-28,498.02,online,6,1,0
TXN000728,2024-06-27,57.2,online,8,4,0
TXN000412,2024-04-11,5.0,online,11,4,0
TXN001098,2024-01-16,94.19,ATM,16,1,0
TXN000825,2024-02-03,100.11,online,1,4,0
TXN001639,2024-04-09,69.73,online,7,4,0
TXN000616,2024-04-01,62.32,online,18,1,0
TXN000114,2024-07-03,37.53,POS,16,1,0
TXN000417,2024-02-14,16.78,POS,12,4,0
TXN001910,2024-07-17,1663.52,international,1,19,1
TXN000969,2024-01-14,224.19,POS,0,1,0
TXN000604,2024-10-28,17.29,online,8,1,0
TXN001918,2024-07-28,336.14,international,2,20,1
TXN000089,2024-10-30,68.68,international,4,2,0
TXN000848,2024-10-26,239.22,online,14,1,0
TXN001519,2024-06-17,9.95,online,12,3,0
TXN001917,2024-11-26,2307.35,international,23,24,1
TXN000753,2024-12-07,48.46,ATM,9,4,0
TXN000498,2024-12-04,239.22,international,9,3,0
TXN001276,2024-08-27,29.48,online,9,3,0
TXN001325,2024-03-09,28.52,POS,13,1,0
TXN000011,2024-12-22,29.31,online,17,4,0
TXN000396,2024-01-17,124.49,POS,12,1,0
TXN000284,2024-06-10,63.35,POS,8,2,0
TXN001066,2024-12-03,30.38,online,3,2,0
TXN001191,2024-04-11,151.78,online,20,2,0
TXN001744,2024-03-17,44.08,online,17,5,0
TXN000690,2024-12-29,27.03,POS,3,2,0
TXN001752,2024-08-17,46.69,POS,8,4,0
TXN001875,2024-09-17,200.0,international,3,14,1
TXN000689,2024-10-12,94.65,online,10,5,0
TXN000851,2024-10-19,106.83,online,8,2,0
TXN000159,2024-10-13,60.93,online,12,3,0
TXN000895,2024-08-11,73.81,POS,10,1,0
TXN001575,2024-04-26,105.84,ATM,18,5,0
TXN000257,2024-02-07,65.63,online,11,3,0
TXN000335,2024-10-22,95.54,online,0,3,0
TXN001879,2024-01-18,3807.98,international,4,17,1
TXN001039,2024-10-28,23.03,international,16,1,0
TXN000515,2024-02-08,54.12,online,16,5,0
TXN001348,2024-09-25,24.39,ATM,8,3,0
TXN001015,2024-11-01,34.13,POS,14,1,0
TXN000768,2024-02-21,18.17,ATM,0,3,0
TXN001746,2024-12-26,30.41,POS,8,3,0
TXN000761,2024-07-20,43.1,POS,1,5,0
TXN001246,2024-11-09,192.31,POS,1,5,0
TXN001203,2024-10-04,130.43,online,13,4,0
TXN001467,2024-05-20,262.43,POS,15,3,0
TXN001983,2024-05-01,281.38,international,0,12,1
TXN000521,2024-02-23,214.41,ATM,8,4,0
TXN000022,2024-03-07,173.73,online,7,4,0
TXN000356,2024-02-25,11.48,international,13,1,0
TXN001277,2024-10-09,23.32,POS,10,1,0
TXN001312,2024-10-11,40.68,POS,10,2,0
TXN001682,2024-01-13,79.94,online,10,1,0
TXN000340,2024-08-19,59.53,ATM,9,1,0
TXN000431,2024-09-26,68.63,international,17,2,0
TXN000473,2024-06-19,17.69,online,19,2,0
TXN000217,2024-02-05,241.63,ATM,15,1,0
TXN000911,2024-03-07,59.88,POS,15,2,0
TXN001227,2024-12-25,95.12,ATM,17,2,0
TXN001596,2024-08-28,54.48,POS,8,5,0
TXN001011,2024-10-18,101.4,ATM,9,1,0
TXN001949,2024-11-27,396.83,online,1,17,1
TXN000093,2024-05-21,13.41,ATM,18,2,0
TXN001008,2024-09-24,159.38,online,7,3,0
TXN001070,2024-09-03,43.11,ATM,18,1,0
TXN001092,2024-11-03,40.86,ATM,21,2,0
TXN001914,2024-09-27,6692.14,international,2,23,1
TXN001308,2024-05-31,45.75,ATM,10,1,0
TXN000696,2024-09-20,34.62,ATM,16,3,0
TXN001827,2024-12-25,65.09,online,18,3,0
TXN000996,2024-07-11,93.96,online,12,1,0
TXN000153,2024-04-17,31.89,online,12,4,0
TXN001099,2024-06-07,68.83,online,4,1,0
TXN001718,2024-05-30,124.43,POS,16,3,0
TXN001997,2024-06-10,4952.52,ATM,1,19,1
TXN000789,2024-01-05,31.89,online,21,5,0
TXN000580,2024-02-04,5.69,POS,14,1,0
TXN000703,2024-03-03,75.25,POS,11,2,0
TXN001212,2024-06-17,32.72,ATM,16,3,0
TXN001295,2024-07-06,407.86,online,10,5,0
TXN001665,2024-05-24,229.29,POS,9,3,0
TXN001260,2024-04-07,18.62,POS,14,3,0
TXN000487,2024-07-12,186.05,ATM,10,3,0
TXN000559,2024-11-06,49.15,online,11,4,0
TXN001141,2024-05-03,61.18,online,13,3,0
TXN001119,2024-06-29,105.51,online,9,2,0
TXN000801,2024-04-20,15.66,online,8,5,0
TXN000512,2024-11-02,109.36,online,16,2,0
TXN000633,2024-05-18,181.0,online,10,5,0
TXN001921,2024-01-02,1588.04,international,0,8,1
TXN001787,2024-02-06,187.33,POS,17,5,0
TXN001545,2024-08-03,147.75,online,13,4,0
TXN001150,2024-05-15,25.45,ATM,16,4,0
TXN000790,2024-02-04,186.5,international,9,3,0
TXN000116,2024-01-14,79.75,online,11,3,0
TXN000740,2024-10-25,53.68,ATM,11,3,0
TXN001690,2024-10-08,76.69,online,15,1,0
TXN001081,2024-12-27,14.29,international,14,5,0
TXN000830,2024-03-30,373.51,online,19,4,0
TXN000119,2024-02-11,33.09,online,0,3,0
TXN000656,2024-10-06,81.09,POS,9,4,0
TXN001907,2024-02-11,200.0,POS,2,24,1
TXN000635,2024-09-07,6.46,online,10,3,0
TXN000369,2024-10-08,121.0,POS,15,3,0
TXN000268,2024-08-11,37.97,POS,18,1,0
TXN000655,2024-07-13,94.75,ATM,12,2,0
TXN000935,2024-12-09,22.73,online,12,2,0
TXN000822,2024-02-19,61.97,POS,12,5,0
TXN000866,2024-10-26,58.58,ATM,9,4,0
TXN000046,2024-06-11,129.8,ATM,12,1,0
TXN001373,2024-06-02,100.33,POS,19,2,0
TXN001708,2024-03-29,223.93,online,7,2,0
TXN000991,2024-07-19,7.33,ATM,14,4,0
TXN000876,2024-07-16,906.48,online,17,2,0
TXN000773,2024-09-18,68.3,POS,19,2,0
TXN001219,2024-06-09,135.81,POS,8,5,0
TXN001999,2024-07-13,4659.27,international,0,14,1
TXN000004,2024-06-07,23.05,online,8,2,0
TXN001003,2024-11-19,11.58,POS,7,5,0
TXN001723,2024-09-23,54.19,online,10,1,0
TXN000263,2024-12-03,54.67,POS,19,1,0
TXN001569,2024-12-25,46.78,ATM,13,1,0
TXN001830,2024-05-09,65.34,online,18,1,0
TXN000443,2024-06-27,87.23,POS,17,1,0
TXN001002,2024-07-22,30.52,ATM,17,5,0
TXN001077,2024-03-01,43.13,POS,15,2,0
TXN000837,2024-03-13,49.86,POS,9,3,0
TXN001790,2024-08-01,27.38,international,8,5,0
TXN000304,2024-07-17,21.62,POS,16,4,0
TXN001365,2024-01-07,161.51,international,22,2,0
TXN001557,2024-10-09,31.97,POS,11,1,0
TXN000313,2024-04-12,26.78,online,1,5,0
TXN000149,2024-01-22,109.79,ATM,17,5,0
TXN001148,2024-09-08,105.64,POS,14,2,0
TXN001213,2024-11-12,221.6,online,7,3,0
TXN000574,2024-01-03,14.01,international,9,1,0
TXN000050,2024-10-04,181.33,POS,10,2,0
TXN001552,2024-07-13,737.77,online,10,1,0
TXN000726,2024-09-20,25.53,online,15,3,0
TXN000833,2024-02-22,21.32,POS,11,4,0
TXN001377,2024-10-01,82.8,POS,7,3,0
TXN001115,2024-06-27,179.25,online,17,2,0
TXN001166,2024-01-09,18.3,online,18,1,0
TXN000470,2024-09-26,129.28,POS,2,2,0
TXN000971,2024-06-01,72.96,POS,16,1,0
TXN000653,2024-10-20,9.2,online,8,4,0
TXN000399,2024-04-23,36.8,POS,17,3,0
TXN000511,2024-09-29,30.55,POS,11,1,0
TXN000320,2024-04-27,26.75,online,11,4,0
TXN000019,2024-06-13,95.16,international,15,1,0
TXN000684,2024-03-02,152.75,ATM,9,1,0
TXN000035,2024-01-24,43.28,POS,12,1,0
TXN000902,2024-03-20,39.42,POS,10,2,0
TXN001778,2024-04-22,229.52,international,19,5,0
TXN000827,2024-11-23,155.6,ATM,10,2,0
TXN001853,2024-08-24,4897.49,international,23,20,1
TXN000407,2024-02-22,57.6,POS,10,4,0
TXN000920,2024-11-14,54.21,POS,7,5,0
TXN000537,2024-02-12,41.64,online,6,5,0
TXN000758,2024-02-16,194.98,online,8,4,0
TXN001904,2024-08-16,1413.77,international,2,10,1
TXN001062,2024-02-22,19.6,online,23,1,0
TXN001199,2024-08-14,62.29,ATM,2,2,0
TXN000245,2024-01-31,49.96,POS,13,3,0
TXN001416,2024-08-19,70.91,online,2,5,0
TXN001127,2024-08-20,55.41,ATM,12,3,0
TXN000784,2024-06-23,78.61,online,8,3,0
TXN001742,2024-06-15,182.62,online,8,1,0
TXN000489,2024-08-09,39.75,ATM,10,4,0
TXN000154,2024-06-07,93.93,POS,14,4,0
TXN000961,2024-05-29,87.81,ATM,12,4,0
TXN000853,2024-03-28,30.66,POS,17,4,0
TXN001311,2024-05-07,160.91,ATM,17,3,0
TXN000625,2024-03-25,39.84,ATM,21,1,0
TXN000685,2024-10-19,5.96,ATM,10,3,0
TXN001561,2024-04-02,36.21,ATM,13,5,0
TXN000569,2024-07-27,23.25,ATM,12,5,0
TXN001908,2024-05-09,359.3,online,1,10,1
TXN000017,2024-02-16,25.75,online,1,4,0
TXN000127,2024-10-06,76.7,ATM,19,4,0
TXN001346,2024-11-08,40.25,ATM,6,5,0
TXN001279,2024-11-11,40.46,ATM,9,5,0
TXN001968,2024-02-16,739.34,international,2,20,1
TXN000927,2024-04-19,6.63,ATM,10,3,0
TXN000980,2024-08-03,16.54,POS,15,1,0
TXN001964,2024-11-04,557.38,online,0,9,1
TXN000190,2024-09-06,58.09,ATM,10,3,0
TXN001139,2024-07-15,105.58,online,16,4,0
TXN000992,2024-03-12,71.29,POS,4,1,0
TXN001955,2024-07-19,318.76,POS,22,18,1
TXN001656,2024-11-05,90.0,ATM,18,2,0
TXN000606,2024-04-27,16.75,online,14,4,0
TXN000180,2024-12-08,11.1,online,17,4,0
TXN000301,2024-10-28,377.58,online,18,2,0
TXN000496,2024-02-13,21.85,online,5,3,0
TXN001720,2024-02-02,36.88,ATM,8,1,0
TXN001709,2024-03-18,50.01,online,18,4,0
TXN001887,2024-06-21,1172.36,ATM,1,14,1
TXN001991,2024-07-02,1502.53,international,22,23,1
TXN000517,2024-01-25,35.91,POS,17,4,0
TXN001984,2024-09-20,1221.66,international,3,15,1
TXN001069,2024-01-04,41.64,international,17,5,0
TXN000476,2024-11-05,142.54,online,8,4,0
TXN000157,2024-07-22,15.77,online,13,1,0
TXN001243,2024-06-27,70.03,online,13,2,0
TXN001195,2024-08-19,29.1,POS,23,3,0
TXN000016,2024-07-06,18.61,POS,10,2,0
TXN001535,2024-01-12,53.69,online,17,1,0
TXN001072,2024-10-03,88.69,international,10,1,0
TXN001971,2024-12-11,1086.82,ATM,1,19,1
TXN000546,2024-06-05,167.48,online,8,2,0
TXN001539,2024-08-14,19.72,POS,2,4,0
TXN000658,2024-01-27,26.46,online,15,2,0
TXN001625,2024-12-28,95.13,online,16,5,0
TXN001019,2024-02-12,94.81,POS,13,2,0
TXN001662,2024-03-08,37.34,POS,16,1,0
TXN001504,2024-08-06,45.45,ATM,20,2,0
TXN000959,2024-05-30,40.47,online,14,2,0
TXN001881,2024-08-26,1594.27,international,2,9,1
TXN000283,2024-06-28,25.48,ATM,15,1,0
TXN000797,2024-06-16,31.98,ATM,16,2,0
TXN001626,2024-07-29,9.86,POS,9,1,0
TXN000225,2024-04-21,77.64,POS,8,5,0
TXN000026,2024-05-26,8.32,ATM,2,4,0
TXN001770,2024-05-03,13.08,online,1,5,0
TXN000437,2024-12-04,8.35,POS,10,1,0
TXN001948,2024-05-13,1270.75,international,2,9,1
TXN001388,2024-11-21,55.33,POS,23,4,0
TXN000229,2024-03-05,25.8,international,18,2,0
TXN000037,2024-10-29,54.93,ATM,16,2,0
TXN000749,2024-02-27,5.0,online,13,1,0
TXN001045,2024-02-26,27.74,ATM,17,2,0
TXN001398,2024-01-10,170.97,ATM,9,5,0
TXN000469,2024-12-06,9.65,POS,13,2,0
TXN001692,2024-08-27,147.58,ATM,16,4,0
TXN001967,2024-02-28,2066.6,international,3,10,1
TXN000687,2024-08-04,179.4,POS,18,2,0
TXN001843,2024-11-04,21.23,online,11,5,0
TXN000639,2024-12-12,145.69,POS,16,3,0
TXN001712,2024-11-17,22.25,online,8,4,0
TXN001218,2024-10-22,89.69,POS,8,4,0
TXN001158,2024-05-20,16.04,online,16,5,0
TXN001415,2024-10-13,198.55,online,19,4,0
TXN001527,2024-02-20,8.49,online,17,5,0
TXN001655,2024-03-25,9.63,ATM,8,2,0
TXN001300,2024-10-04,56.65,online,15,1,0
TXN001822,2024-04-20,58.41,online,12,3,0
TXN000800,2024-01-05,32.08,online,13,4,0
TXN001603,2024-04-25,48.32,POS,12,1,0
TXN000160,2024-12-29,629.63,ATM,0,4,0
TXN000956,2024-05-26,105.78,online,16,2,0
TXN001186,2024-02-21,21.86,ATM,10,1,0
TXN000821,2024-08-30,19.83,POS,8,5,0
TXN001681,2024-01-05,50.74,POS,12,3,0
TXN000877,2024-09-28,34.77,ATM,13,3,0
TXN000913,2024-12-23,87.97,POS,8,1,0
TXN000152,2024-11-30,23.12,online,14,5,0
TXN001870,2024-05-21,413.26,international,2,15,1
TXN001776,2024-05-01,28.34,POS,12,2,0
TXN000509,2024-03-27,44.52,online,15,2,0
TXN001135,2024-01-22,67.05,online,17,2,0
TXN001250,2024-03-29,80.98,POS,18,5,0
TXN001683,2024-10-17,24.15,online,8,2,0
TXN000103,2024-01-03,117.55,POS,3,5,0
TXN001445,2024-01-14,155.94,online,13,2,0
TXN001443,2024-06-07,869.08,online,15,1,0
TXN000586,2024-09-08,300.62,POS,10,1,0
TXN001768,2024-01-25,27.11,online,17,3,0
TXN001143,2024-11-04,34.38,POS,15,2,0
TXN000053,2024-06-19,76.39,POS,8,5,0
TXN000151,2024-04-12,25.47,online,11,5,0
TXN000403,2024-12-20,11.3,online,14,1,0
TXN001942,2024-01-15,1027.75,international,23,11,1
TXN000207,2024-12-19,169.03,POS,9,1,0
TXN001894,2024-04-07,1721.41,international,4,16,1
TXN001122,2024-04-08,64.03,POS,13,5,0
TXN001890,2024-07-14,919.22,international,3,21,1
TXN000008,2024-03-14,60.49,online,4,5,0
TXN001014,2024-07-08,63.26,POS,17,3,0
TXN001906,2024-11-06,503.99,ATM,3,24,1
TXN001060,2024-10-08,28.39,online,8,3,0
TXN000452,2024-07-01,549.96,online,10,3,0
TXN000253,2024-04-30,87.63,online,15,1,0
TXN001327,2024-01-31,59.9,ATM,17,3,0
TXN000896,2024-07-04,150.73,online,3,5,0
TXN001733,2024-11-11,211.26,online,22,5,0
TXN000880,2024-02-01,300.69,online,16,4,0
TXN001595,2024-03-01,216.53,POS,17,5,0
TXN001888,2024-05-04,360.93,international,23,19,1
TXN000623,2024-06-01,26.71,POS,8,4,0
TXN000345,2024-04-03,101.31,online,9,5,0
TXN001702,2024-09-05,23.98,online,20,5,0
TXN000262,2024-04-19,60.98,online,15,3,0
TXN001634,2024-05-31,37.66,online,18,3,0
TXN001321,2024-04-10,22.96,ATM,16,3,0
TXN001438,2024-04-26,11.56,ATM,14,3,0
TXN000150,2024-11-08,60.46,online,16,2,0
TXN000472,2024-06-06,79.59,ATM,9,1,0
TXN000640,2024-09-01,17.03,online,14,2,0
TXN001982,2024-12-04,4518.8,ATM,22,22,1
TXN001882,2024-10-03,200.0,international,3,21,1
TXN000550,2024-10-20,230.14,online,1,2,0
TXN001779,2024-09-06,34.32,POS,14,5,0
TXN000928,2024-06-01,117.83,ATM,16,5,0
TXN000488,2024-10-06,5.0,ATM,19,1,0
TXN001811,2024-08-26,67.41,online,9,4,0
TXN001171,2024-08-18,40.08,online,15,3,0
TXN000146,2024-01-13,107.49,POS,8,3,0
TXN001704,2024-12-01,72.74,online,12,2,0
TXN001928,2024-04-10,722.7,international,0,19,1
TXN000402,2024-04-26,127.16,online,13,3,0
TXN000954,2024-10-13,17.84,online,16,3,0
TXN001877,2024-02-26,1189.26,online,4,19,1
TXN000659,2024-04-15,30.52,POS,10,3,0
TXN001372,2024-06-13,120.23,international,6,3,0
TXN000463,2024-06-01,37.48,international,3,1,0
TXN001349,2024-08-05,13.55,ATM,3,2,0
TXN000186,2024-03-01,229.36,POS,12,3,0
TXN001147,2024-10-07,137.36,POS,16,1,0
TXN001224,2024-06-01,60.8,POS,10,3,0
TXN000608,2024-12-18,29.24,online,18,5,0
TXN000143,2024-05-29,146.37,international,18,3,0
TXN000751,2024-02-23,12.28,ATM,11,1,0
TXN001534,2024-10-25,30.67,POS,14,2,0
TXN000981,2024-09-13,18.83,international,9,5,0
TXN000197,2024-02-13,30.08,online,17,1,0
TXN001633,2024-11-17,50.91,online,10,1,0
TXN000883,2024-02-26,14.2,ATM,11,4,0
TXN000279,2024-01-31,48.58,POS,14,4,0
TXN000293,2024-05-01,39.8,online,15,5,0
TXN001823,2024-11-15,61.25,online,9,2,0
TXN000400,2024-12-30,6.49,ATM,9,5,0
TXN000122,2024-08-26,19.67,ATM,4,4,0
TXN001207,2024-09-20,70.57,POS,15,2,0
TXN000202,2024-06-29,186.1,online,14,4,0
TXN001462,2024-01-18,6.13,POS,7,5,0
TXN000835,2024-10-10,58.75,online,10,3,0
TXN000246,2024-10-03,54.81,online,10,2,0
TXN001439,2024-12-14,70.86,POS,22,4,0
TXN001753,2024-05-24,281.56,online,15,2,0
TXN001901,2024-07-15,3742.38,international,0,22,1
TXN001707,2024-11-29,31.7,POS,13,2,0
TXN001880,2024-09-26,9367.07,international,23,11,1
TXN001153,2024-11-27,105.68,online,3,5,0
TXN001661,2024-08-10,80.56,online,13,5,0
TXN001426,2024-09-02,41.66,online,1,5,0
TXN000384,2024-01-12,275.91,online,16,3,0
TXN001758,2024-07-27,8.18,POS,20,3,0
TXN000854,2024-04-15,74.73,online,14,5,0
TXN001589,2024-01-11,67.86,online,8,4,0
TXN000219,2024-11-25,17.25,online,13,5,0
TXN000641,2024-11-30,406.98,POS,23,3,0
TXN000001,2024-10-09,39.97,online,18,1,0
TXN000112,2024-07-21,76.72,POS,14,3,0
TXN000698,2024-01-19,13.33,ATM,15,2,0
TXN001915,2024-01-15,1489.28,online,2,23,1
TXN000951,2024-04-21,14.73,online,3,5,0
TXN001648,2024-12-22,82.08,POS,8,4,0
TXN001636,2024-03-01,31.75,online,19,5,0
TXN001885,2024-05-14,522.64,international,23,13,1
TXN001410,2024-01-23,35.35,online,18,3,0
TXN001409,2024-04-13,5.0,ATM,10,4,0
TXN001533,2024-03-09,448.94,ATM,14,5,0
TXN001291,2024-11-09,9.58,ATM,3,3,0
TXN001808,2024-02-02,17.96,ATM,9,3,0
TXN000441,2024-04-19,82.43,online,15,2,0
TXN001520,2024-11-11,12.92,ATM,23,1,0
TXN001136,2024-09-21,33.85,online,15,2,0
TXN001715,2024-11-16,124.86,online,18,5,0
TXN001256,2024-03-22,62.01,POS,5,5,0
TXN001863,2024-02-02,19292.56,international,1,20,1
TXN001631,2024-11-23,362.51,POS,13,1,0
TXN001695,2024-09-06,74.4,online,17,5,0
TXN001397,2024-08-26,85.34,online,18,5,0
TXN000663,2024-03-14,26.35,online,11,1,0
TXN001835,2024-02-20,344.21,online,9,2,0
TXN001257,2024-07-21,51.24,online,13,3,0
TXN001773,2024-05-23,36.61,ATM,12,1,0
TXN001700,2024-04-06,111.39,online,13,5,0
TXN000317,2024-09-22,132.52,online,10,5,0
TXN000648,2024-12-16,126.46,online,10,1,0
TXN001434,2024-04-26,237.45,POS,16,1,0
TXN001479,2024-06-01,48.68,POS,10,3,0
TXN000709,2024-06-19,193.36,POS,18,1,0
TXN001382,2024-05-06,5.0,online,10,4,0
TXN001282,2024-05-23,57.5,ATM,11,1,0
TXN000972,2024-06-23,63.89,online,16,1,0
TXN000627,2024-05-14,15.36,international,23,1,0
TXN000632,2024-06-07,160.59,online,13,5,0
TXN001306,2024-04-02,24.21,POS,8,3,0
TXN001400,2024-11-07,35.64,POS,2,5,0
TXN001408,2024-01-01,22.42,online,11,2,0
TXN001248,2024-04-28,39.17,ATM,17,3,0
TXN001952,2024-04-05,3494.79,international,22,21,1
TXN001254,2024-08-25,139.29,POS,7,5,0
TXN001496,2024-07-20,52.2,POS,16,2,0
TXN001371,2024-05-05,88.02,ATM,8,3,0
TXN001529,2024-12-01,257.21,POS,8,2,0
TXN001663,2024-07-21,6.69,international,12,4,0
TXN001354,2024-03-21,25.93,online,18,2,0
TXN001925,2024-03-06,1840.22,international,0,15,1
TXN001900,2024-04-13,4122.6,international,2,24,1
TXN001643,2024-08-05,22.98,ATM,9,5,0
TXN001848,2024-07-09,104.33,online,18,5,0
TXN000795,2024-04-17,47.4,online,0,4,0
TXN000645,2024-04-29,21.54,POS,13,5,0
TXN001012,2024-03-30,17.1,online,18,5,0
TXN001839,2024-07-20,307.18,online,18,4,0
TXN000556,2024-09-25,30.17,online,9,2,0
TXN000681,2024-02-20,12.76,POS,15,1,0
TXN000577,2024-07-10,60.92,POS,11,3,0
TXN001109,2024-01-17,84.27,online,12,3,0
TXN001266,2024-01-21,25.95,ATM,0,2,0
TXN001722,2024-08-26,27.69,POS,18,5,0
TXN001183,2024-06-12,52.75,international,12,3,0
TXN000524,2024-04-26,147.75,online,13,2,0
TXN001059,2024-04-23,9.24,POS,5,1,0
TXN000540,2024-09-15,10.64,POS,22,3,0
TXN001194,2024-07-10,34.19,online,17,5,0
TXN001678,2024-12-03,103.54,online,12,2,0
TXN000748,2024-04-24,90.29,ATM,8,5,0
TXN001851,2024-10-30,467.03,online,2,13,1
TXN001430,2024-06-20,55.24,online,17,2,0
TXN000484,2024-06-17,65.19,ATM,18,1,0
TXN001757,2024-08-10,18.97,online,12,1,0
TXN000095,2024-04-15,40.34,online,8,5,0
TXN001020,2024-01-21,5.0,ATM,18,5,0
TXN000563,2024-03-07,544.35,online,10,3,0
TXN001264,2024-03-28,24.3,online,10,3,0
TXN000742,2024-08-19,161.5,international,10,5,0
TXN000863,2024-10-08,301.85,online,8,5,0
TXN001598,2024-11-04,27.06,online,11,2,0
TXN001714,2024-08-23,44.86,online,16,4,0
TXN001484,2024-05-31,27.14,ATM,12,1,0
TXN000891,2024-09-16,108.61,online,22,3,0
TXN001577,2024-10-18,34.43,online,17,1,0
TXN001038,2024-06-08,36.47,ATM,18,3,0
TXN000206,2024-10-05,189.04,POS,18,3,0
TXN000392,2024-05-14,70.14,online,17,2,0
TXN000794,2024-06-06,69.96,ATM,12,4,0
TXN000870,2024-06-15,18.97,POS,19,2,0
TXN000397,2024-03-12,64.7,POS,13,1,0
TXN000766,2024-08-11,62.09,online,12,4,0
TXN001841,2024-02-05,53.22,POS,12,1,0
TXN001241,2024-10-10,24.56,online,6,5,0
TXN001028,2024-07-25,152.46,ATM,14,1,0
TXN001792,2024-05-05,62.88,online,12,2,0
TXN000642,2024-11-07,20.92,POS,9,4,0
TXN001891,2024-03-28,1110.25,online,1,24,1
TXN000612,2024-10-13,89.9,POS,18,4,0
TXN001762,2024-01-04,30.39,online,8,3,0
TXN000960,2024-02-26,106.92,POS,9,5,0
TXN001570,2024-01-29,16.63,online,6,1,0
TXN000725,2024-02-12,75.49,online,9,1,0
TXN000683,2024-12-15,56.23,online,17,2,0
TXN000098,2024-08-20,239.67,international,12,5,0
TXN000804,2024-09-26,586.75,online,3,5,0
TXN001751,2024-11-19,232.07,POS,21,2,0
TXN001597,2024-09-21,123.39,online,12,3,0
TXN000406,2024-06-07,20.79,POS,8,3,0
TXN000502,2024-12-17,351.54,online,14,2,0
TXN001071,2024-03-17,26.2,online,15,4,0
TXN001056,2024-06-13,403.82,online,13,3,0
TXN000929,2024-07-29,185.25,online,16,3,0
TXN000779,2024-11-06,62.5,POS,16,1,0
TXN000200,2024-05-13,65.39,POS,21,1,0
TXN000134,2024-10-17,56.6,online,15,5,0
TXN001051,2024-05-13,37.35,POS,18,1,0
TXN000040,2024-03-01,283.55,ATM,15,1,0
TXN001017,2024-06-29,25.02,ATM,11,4,0
TXN000230,2024-06-18,43.13,POS,18,3,0
TXN001513,2024-04-30,73.02,POS,10,5,0
TXN001796,2024-12-22,8.09,POS,10,4,0
TXN000378,2024-05-18,232.61,online,13,2,0
TXN000288,2024-07-16,128.34,international,23,1,0
TXN000418,2024-04-18,122.07,POS,13,1,0
TXN001698,2024-05-11,472.79,ATM,12,1,0
TXN000391,2024-03-06,58.0,ATM,9,2,0
TXN000592,2024-03-28,24.3,online,8,2,0
TXN001522,2024-03-10,212.04,POS,11,5,0
TXN001162,2024-11-05,97.82,online,8,1,0
TXN001086,2024-10-19,89.0,POS,15,3,0
TXN001495,2024-06-06,167.85,ATM,17,5,0
TXN000647,2024-07-14,42.06,online,16,4,0
TXN001152,2024-06-06,20.2,POS,17,2,0
TXN001367,2024-06-14,5.07,international,7,1,0
TXN000520,2024-05-10,192.66,POS,2,5,0
TXN001862,2024-12-29,1166.64,international,4,12,1
TXN000064,2024-05-29,514.36,online,8,5,0
TXN001836,2024-12-09,15.42,online,15,4,0
TXN000014,2024-09-18,15.23,POS,9,4,0
TXN001180,2024-08-09,42.03,online,5,1,0
TXN001064,2024-10-01,16.4,ATM,5,5,0
TXN000492,2024-10-01,59.99,ATM,12,3,0
TXN000379,2024-04-05,37.53,online,14,3,0
TXN000187,2024-05-19,69.67,online,9,1,0
TXN000763,2024-12-07,80.52,POS,8,3,0
TXN000216,2024-01-29,126.5,POS,9,1,0
TXN000791,2024-06-14,28.8,POS,17,2,0
TXN001076,2024-09-16,121.09,POS,18,3,0
TXN000878,2024-07-19,58.68,ATM,10,5,0
TXN000337,2024-04-25,31.51,international,16,3,0
TXN001772,2024-05-12,61.49,online,11,2,0
TXN000719,2024-08-06,52.32,ATM,15,3,0
TXN001748,2024-10-20,50.0,POS,13,3,0
TXN000295,2024-07-09,100.78,international,9,4,0
TXN001725,2024-10-12,25.25,POS,16,4,0
TXN001016,2024-05-20,84.39,ATM,18,2,0
TXN001275,2024-09-17,26.09,online,23,4,0
TXN001750,2024-12-05,20.97,POS,16,3,0
TXN001485,2024-11-10,56.98,online,8,1,0
TXN000455,2024-07-21,136.45,online,8,5,0
TXN001996,2024-05-13,1118.47,international,0,21,1
TXN000815,2024-11-01,152.16,ATM,15,4,0
TXN001886,2024-08-05,2158.11,ATM,4,14,1
TXN000269,2024-08-03,42.33,POS,12,2,0
TXN000995,2024-08-16,11.46,online,18,3,0
TXN000201,2024-11-27,28.33,ATM,12,1,0
TXN000161,2024-08-30,13.77,online,9,2,0
TXN001579,2024-08-07,75.77,POS,11,4,0
TXN000729,2024-08-28,116.96,POS,9,3,0
TXN000401,2024-10-10,70.64,online,13,3,0
TXN000702,2024-03-02,85.84,POS,11,4,0
TXN001500,2024-07-12,74.35,online,5,4,0
TXN001845,2024-08-13,637.94,POS,19,1,0
TXN001795,2024-03-14,197.72,ATM,10,2,0
TXN001129,2024-08-24,62.17,ATM,9,4,0
TXN000565,2024-03-27,325.49,POS,5,4,0
TXN001413,2024-10-16,378.18,international,10,4,0
TXN001021,2024-01-27,179.52,online,8,5,0
TXN001025,2024-01-21,39.75,ATM,18,1,0
TXN001411,2024-07-23,78.99,POS,12,3,0
TXN001895,2024-06-01,1988.07,international,1,24,1
TXN001585,2024-04-25,117.0,online,15,1,0
TXN001104,2024-04-21,49.82,POS,3,5,0
TXN000205,2024-04-07,144.56,online,13,2,0
TXN000034,2024-11-20,82.58,online,16,2,0
TXN000775,2024-12-13,72.38,POS,11,1,0
TXN000508,2024-04-08,39.49,ATM,11,5,0
TXN001451,2024-01-15,122.94,online,22,2,0
TXN001478,2024-03-25,43.02,online,9,1,0
TXN001970,2024-03-09,642.99,international,23,9,1
TXN001390,2024-04-21,72.02,ATM,11,1,0
TXN000091,2024-10-20,79.39,international,12,5,0
TXN001363,2024-03-14,76.1,ATM,16,2,0
TXN000897,2024-01-20,10.4,ATM,10,4,0
TXN000564,2024-11-20,59.78,ATM,6,4,0
TXN001369,2024-08-19,62.69,POS,17,4,0
TXN000776,2024-06-03,27.15,POS,12,4,0
TXN000241,2024-08-01,46.3,ATM,9,5,0
TXN000013,2024-10-04,43.58,ATM,18,1,0
TXN000315,2024-08-28,534.66,online,14,1,0
TXN000600,2024-08-12,18.7,POS,18,2,0
TXN000387,2024-10-30,180.12,ATM,10,4,0
TXN001297,2024-09-04,112.85,ATM,12,3,0
TXN000166,2024-04-27,85.18,POS,9,5,0
TXN000840,2024-04-15,12.91,POS,9,2,0
TXN000020,2024-07-01,29.31,POS,8,1,0
TXN000646,2024-06-17,248.73,ATM,14,4,0
TXN001842,2024-10-25,36.5,online,12,4,0
TXN001508,2024-11-11,145.5,POS,14,2,0
TXN001154,2024-04-21,89.83,online,16,2,0
TXN001528,2024-01-08,41.23,ATM,15,4,0
TXN000831,2024-03-28,168.57,POS,18,4,0
TXN001267,2024-05-16,32.41,ATM,16,4,0
TXN001590,2024-09-25,52.68,ATM,5,2,0
TXN001899,2024-12-14,3934.08,ATM,4,18,1
TXN000562,2024-06-28,48.71,ATM,2,1,0
TXN001951,2024-07-02,1511.59,international,1,9,1
TXN000686,2024-05-28,77.15,online,2,3,0
TXN000957,2024-08-19,28.74,online,10,4,0
TXN000189,2024-04-20,84.15,ATM,11,2,0
TXN001806,2024-01-04,23.06,online,16,5,0
TXN000975,2024-03-23,37.68,online,12,5,0
TXN000699,2024-02-04,45.89,POS,18,1,0
TXN001499,2024-11-03,10.38,online,12,3,0
TXN001705,2024-11-09,8.05,ATM,10,1,0
TXN000510,2024-12-29,33.39,online,16,5,0
TXN001082,2024-12-15,117.9,POS,15,1,0
TXN000474,2024-08-19,206.16,online,22,2,0
TXN001584,2024-08-20,67.47,ATM,14,1,0
TXN000856,2024-03-30,133.33,POS,13,2,0
TXN000747,2024-04-24,12.54,online,11,4,0
TXN000252,2024-03-09,108.86,online,6,4,0
TXN000021,2024-05-15,146.56,ATM,6,3,0
TXN001337,2024-04-18,88.68,online,21,4,0
TXN000459,2024-02-08,15.0,online,6,1,0
TXN001184,2024-06-02,57.61,international,8,2,0
TXN000276,2024-06-19,37.96,online,14,4,0
TXN000955,2024-08-11,37.17,international,2,2,0
TXN001215,2024-02-11,24.58,online,15,4,0
TXN000385,2024-02-14,78.55,online,9,1,0
TXN000805,2024-10-12,9.61,POS,15,5,0
TXN001437,2024-08-26,22.15,ATM,14,1,0
TXN001515,2024-12-05,5.09,POS,22,3,0
TXN000343,2024-07-06,56.07,POS,11,3,0
TXN000769,2024-05-17,49.27,online,20,4,0
TXN001332,2024-06-04,69.01,POS,11,2,0
TXN001685,2024-07-08,193.7,ATM,18,3,0
TXN000130,2024-07-25,101.1,ATM,18,2,0
TXN001687,2024-05-28,20.26,international,18,2,0
TXN000871,2024-03-14,19.07,online,10,4,0
TXN001123,2024-03-29,53.09,online,16,4,0
TXN001396,2024-08-14,11.24,POS,13,3,0
TXN000087,2024-04-24,86.78,ATM,17,4,0
TXN001482,2024-04-15,5.0,online,8,1,0
TXN000330,2024-07-18,119.41,POS,10,1,0
TXN001238,2024-04-18,565.58,POS,18,2,0
TXN000466,2024-03-01,42.35,ATM,10,2,0
TXN000121,2024-08-31,19.2,POS,12,4,0
TXN001638,2024-03-07,93.9,POS,23,5,0
TXN001044,2024-09-15,17.08,online,3,1,0
TXN001724,2024-07-13,138.43,ATM,12,5,0
TXN001095,2024-01-30,24.38,online,2,2,0
TXN001130,2024-05-28,50.92,online,16,1,0
TXN001294,2024-12-13,34.18,POS,15,1,0
TXN000860,2024-12-19,31.01,ATM,22,1,0
TXN001459,2024-07-07,52.6,POS,11,4,0
TXN001126,2024-11-07,87.94,ATM,23,2,0
